A,B,商品名稱,重量,熱量,蛋白質,脂肪,碳水化合物,糖,膳食纖維,淨碳
麥麩皮|吐司|麵包|PIZZA,麥麩皮|吐司,鹹麥麩皮吐司,100,22.2,1.4,0.4,5.7,0,4.9,0.8
麥麩皮|吐司|麵包|PIZZA,麥麩皮|吐司,甜麥麩皮吐司,100,26.9,2.2,0.5,5.8,0,4.8,1
麥麩皮|吐司|麵包|PIZZA,麥麩皮|吐司,巧克力麥麩皮吐司,100,32.8,2.5,0.8,6.5,0,5.2,1.3
麥麩皮|吐司|麵包|PIZZA,麥麩皮|吐司,咖啡麥麩皮吐司,100,28,2.2,0.6,5.8,0,4.7,1.1
麥麩皮|吐司|麵包|PIZZA,麥麩皮|吐司,葡萄乾麥麩皮吐司,100,46.3,2.3,0.5,10.6,0,4.9,5.7
麥麩皮|吐司|麵包|PIZZA,麥麩皮|吐司,咖啡核桃麥麩皮吐司,100,50.4,2.6,2.8,6.1,0.1,4.8,1.3
麥麩皮|吐司|麵包|PIZZA,麥麩皮|吐司,香椰麥麩皮吐司,100,50.3,2.4,2.7,6.6,0.1,5,1.6
麥麩皮|吐司|麵包|PIZZA,麥麩皮|吐司,原味肉桂捲,30,11.3,1.1,0.3,1.8,0,1.5,0.3
麥麩皮|吐司|麵包|PIZZA,麥麩皮|吐司,甜芋頭麥麩皮吐司,100,26.9,2.2,0.5,5.8,0,4.8,1
麥麩皮|吐司|麵包|PIZZA,麥麩皮|起士漢堡,麥麩皮吐司豬肉起士漢堡,185,103.2,12.2,3.6,8.6,0,6.2,2.4
麥麩皮|吐司|麵包|PIZZA,麥麩皮|起士漢堡,麥麩皮吐司牛肉起士漢堡,170,99.2,12.6,3.2,7.3,0,1.6,5.7
麥麩皮|吐司|麵包|PIZZA,麥麩皮|起士漢堡,麥麩皮吐司辣味雞肉漢堡,175,76.1,8,2.7,7.5,0,5.1,2.4
麥麩皮|吐司|麵包|PIZZA,麥麩皮|奶酥吐司,原味奶酥吐司|麥麩皮,120,41.3,3.1,1.1,7.4,0,5.3,2.1
麥麩皮|吐司|麵包|PIZZA,麥麩皮|奶酥吐司,葡萄奶酥吐司|麥麩皮,120,58.3,3.5,2,9.8,0,6.4,3.4
麥麩皮|吐司|麵包|PIZZA,麥麩皮|奶酥吐司,花生奶酥吐司|麥麩皮,120,46.6,3.4,1.4,8.5,0,6.7,1.8
麥麩皮|吐司|麵包|PIZZA,麥麩皮|奶酥吐司,鳳梨奶酥吐司|麥麩皮,120,43.1,2.9,1.3,7.6,0,5.3,2.3
麥麩皮|吐司|麵包|PIZZA,麥麩皮|奶酥吐司,香橙奶酥吐司|麥麩皮,120,43.2,3,1.4,7.3,0,5.3,2
麥麩皮|吐司|麵包|PIZZA,麥麩皮|奶酥吐司,可可奶酥吐司|麥麩皮,120,51.1,3.4,1.9,8,0,5.8,2.2
麥麩皮|吐司|麵包|PIZZA,麥麩皮|奶酥吐司,咖啡奶酥吐司|麥麩皮,120,51.1,3.4,1.9,8,0,5.8,2.2
麥麩皮|吐司|麵包|PIZZA,麥麩皮|奶酥吐司,抹茶奶酥吐司|麥麩皮,120,45.2,3.1,1.6,7.3,0,5.4,1.9
麥麩皮|吐司|麵包|PIZZA,麥麩皮|奶酥吐司,香椰奶酥吐司|麥麩皮,120,70.6,3.2,4,8.2,0,5.5,2.7
麥麩皮|吐司|麵包|PIZZA,麥麩皮|奶酥吐司,鹹蒜香奶酥吐司|麥麩皮,120,40,2.3,1.4,7.3,0,5.5,1.8
麥麩皮|吐司|麵包|PIZZA,麥麩皮|奶酥吐司,鹹金沙奶酥吐司|麥麩皮,120,41.6,2.4,1.6,7.1,0,5.4,1.7
麥麩皮|吐司|麵包|PIZZA,麥麩皮|奶酥吐司,鹹起士奶酥吐司|麥麩皮,120,45.2,2.6,1.8,7.3,0,5.3,2
麥麩皮|吐司|麵包|PIZZA,麥麩皮|PIZZA,六小福豬肉PIZZA|麥麩皮,160,75.3,10.2,1.9,6.6,0.6,4.5,2.1
麥麩皮|吐司|麵包|PIZZA,麥麩皮|PIZZA,墨魚海鮮PIZZA|麥麩皮,160,71.6,6.2,2.2,9,0.2,4.5,4.5
麥麩皮|吐司|麵包|PIZZA,麥麩皮|PIZZA,青醬嫩雞PIZZA|麥麩皮,180,101.3,11.2,3.1,9.4,0,4.5,4.9
麥麩皮|吐司|麵包|PIZZA,麥麩皮|PIZZA,打拋豬肉PIZZA|麥麩皮,150,76.2,9.2,2.4,6.5,0,4.1,2.4
麥麩皮|吐司|麵包|PIZZA,麥麩皮|PIZZA,壽喜燒牛PIZZA|麥麩皮,150,129.5,8,8.3,8.1,0,4.8,3.3
麥麩皮|吐司|麵包|PIZZA,麥麩皮|烤包,香蒜烤包|麥麩皮,100,30.6,2,0.8,6.3,0,4.9,1.4
麥麩皮|吐司|麵包|PIZZA,麥麩皮|烤包,香椰烤包|麥麩皮,100,27.2,2,0.6,5.7,0,4.7,1
麥麩皮|吐司|麵包|PIZZA,麥麩皮|烤包,香草烤包|麥麩皮,100,25.9,2,0.5,5.7,0,4.7,1
麥麩皮|吐司|麵包|PIZZA,麥麩皮|烤包,葡萄乾烤包|麥麩皮,100,26.9,1.9,0.5,6,0,4.6,1.4
麥麩皮|吐司|麵包|PIZZA,麥麩皮|烤包,咖啡烤包|麥麩皮,100,27.2,2.1,0.6,5.7,0.1,4.7,1
麥麩皮|吐司|麵包|PIZZA,麥麩皮|烤包,巧克力烤包|麥麩皮,100,17.2,2,0.6,5.8,0.1,4.7,1.1
麥麩皮|吐司|麵包|PIZZA,麥麩皮|烤包,鹹芋頭烤包|麥麩皮,100,37.7,2.5,0.5,8.2,0,4.8,3.4
麥麩皮|吐司|麵包|PIZZA,麥麩皮|烤包,甜紅豆烤包|麥麩皮,100,28.1,1.9,0.5,6.5,0,5,1.5
麥麩皮|吐司|麵包|PIZZA,麥麩皮|烤包,重起士烤包|麥麩皮,100,52.3,3.6,2.7,5.7,0,4.6,1.1
麥麩皮|吐司|麵包|PIZZA,麥麩皮|烤包,韓式泡菜烤包|麥麩皮,100,37.9,2.3,0.7,8.1,0,5,3.1
麥麩皮|吐司|麵包|PIZZA,麥麩皮|烤包,甜芋頭烤包|麥麩皮,100,26.9,2.2,0.5,5.8,0,4.8,1
麥麩皮|吐司|麵包|PIZZA,麥麩皮|飽包,原味飽包|麥麩皮,100,49,2.7,0.2,11.2,0,4.2,7
麥麩皮|吐司|麵包|PIZZA,麥麩皮|飽包,鮮奶飽包|麥麩皮,100,69.4,3.4,1.4,12.8,0,4,8.8
麥麩皮|吐司|麵包|PIZZA,麥麩皮|飽包,蔓越莓葵花子飽包|麥麩皮,100,66.7,3,1.3,12.9,0.1,1.3,11.6
麥麩皮|吐司|麵包|PIZZA,麥麩皮|飽包,黑棗核桃飽包|麥麩皮,100,65.5,3,1.5,12.2,0.1,4.4,7.8
麥麩皮|吐司|麵包|PIZZA,麥麩皮|粿巧,鹹芋頭粿巧|麥麩皮,80,21.4,0.7,0.2,5.6,0,2.8,2.8
麥麩皮|吐司|麵包|PIZZA,麥麩皮|粿巧,甜紅豆粿巧|麥麩皮,80,25.9,1.7,0.3,5.6,0,3,2.6
麥麩皮|吐司|麵包|PIZZA,麥麩皮|粿巧,鹹地瓜粿巧|麥麩皮,80,21.7,1.1,0.3,5,0.5,2.7,2.3
麥麩皮|吐司|麵包|PIZZA,麥麩皮|粿巧,甜花生粿巧|麥麩皮,80,38.4,2.7,2.2,4,0,4.1,0
麥麩皮|吐司|麵包|PIZZA,麥麩皮|粿巧,甜芝麻粿巧|麥麩皮,80,42.6,2.4,1.8,5.4,0,2.4,3
麥麩皮|吐司|麵包|PIZZA,麥麩皮|麥麩皮餅皮,蔥花麥麩餅皮|麥麩皮,50,9.8,0.4,0.4,1.5,0,0.7,0.8
麥麩皮|吐司|麵包|PIZZA,麥麩皮|麥麩皮餅皮,原味麥麩餅皮(鹹)|麥麩皮,50,9.8,0.4,0.4,1.5,0,0.7,0.8
麥麩皮|吐司|麵包|PIZZA,麥麩皮|麥麩皮餅皮,原味麥麩餅皮(甜)|麥麩皮,50,19.6,1.4,0.6,3.6,0,2.9,0.7
麥麩皮|吐司|麵包|PIZZA,麥麩皮|夾心小鬆餅,香草黑糖麻糬夾心小鬆餅|麥麩皮,50,16.3,1.1,0.5,3.1,0,2.5,0.6
麥麩皮|吐司|麵包|PIZZA,麥麩皮|夾心小鬆餅,葡萄黑糖麻糬夾心小鬆餅|麥麩皮,50,11.4,0.8,0.2,2.6,0,2,0.6
麥麩皮|吐司|麵包|PIZZA,麥麩皮|夾心小鬆餅,咖啡黑糖麻糬夾心小鬆餅|麥麩皮,50,12.1,0.9,0.3,2.5,0,2.1,0.4
麥麩皮|吐司|麵包|PIZZA,麥麩皮|夾心小鬆餅,巧克力黑糖麻糬夾心小鬆餅|麥麩皮,50,13.3,1,0.3,2.8,0,2.3,0.5
麥麩皮|吐司|麵包|PIZZA,麥麩皮|夾心小鬆餅,椰子黑糖麻糬夾心小鬆餅|麥麩皮,50,21.1,1,1.1,2.9,0,2.2,0.7
麥麩皮|吐司|麵包|PIZZA,麥麩皮|夾心小鬆餅,紅豆抹茶麻糬夾心小鬆餅|麥麩皮,50,14,0.9,0.2,3,0,1.7,1.3
麥麩皮|吐司|麵包|PIZZA,麥麩皮|夾心小鬆餅,芋頭紅豆麻糬夾心小鬆餅|麥麩皮,50,30.4,2.2,0.8,6,0,4.8,1.2
麥麩皮|甜麵包餡,麥麩皮|胡椒包,豬肉胡椒包|麥麩皮,110,62.3,8.3,2.2,3.6,0,2.4,1.2
麥麩皮|甜麵包餡,麥麩皮|胡椒包,牛肉胡椒包|麥麩皮,110,62.3,8.3,2.2,3.6,0,2.4,1.2
麥麩皮|甜麵包餡,麥麩皮|胡椒包,豬肉爆漿胡椒包|麥麩皮,118,67.7,9.9,1.9,4,0,2.5,1.5
麥麩皮|甜麵包餡,麥麩皮|胡椒包,牛肉爆漿胡椒包|麥麩皮,118,67.7,9.9,1.9,4,0,2.5,1.5
麥麩皮|甜麵包餡,麥麩皮|鹹詐包,蔥花鹹詐包|麥麩皮,40,18.4,1.4,0.8,1.7,0,0.6,1.1
麥麩皮|甜麵包餡,麥麩皮|鹹詐包,高麗菜鹹詐包|麥麩皮,40,9.9,0.8,0.5,0.8,0,0.5,0.3
麥麩皮|甜麵包餡,麥麩皮|鹹詐包,韭菜鹹詐包|麥麩皮,40,19.8,1.8,1,1.5,0,1.2,0.3
麥麩皮|甜麵包餡,麥麩皮|鹹詐包,筍絲鹹詐包|麥麩皮,40,21.8,1.9,1,1.9,0.6,1.2,0.7
麥麩皮|甜麵包餡,麥麩皮|鹹詐包,蘿蔔絲鹹詐包|麥麩皮,40,18.4,1.5,1,1.4,0.6,1.1,0.3
麥麩皮|甜麵包餡,麥麩皮|鹹詐包,酸菜包鹹詐包|麥麩皮,40,21.3,1.5,0.9,2,0.3,1.3,0.7
麥麩皮|甜麵包餡,麥麩皮|鹹詐包,雪裡紅鹹詐包|麥麩皮,40,10.3,0.8,0.5,1,0.2,0.7,0.3
麥麩皮|甜麵包餡,麥麩皮|鹹詐包,起士鹹詐包|麥麩皮,40,28,2.1,1.4,2.2,0,0.7,1.5
麥麩皮|甜麵包餡,麥麩皮|鹹詐包,韭黃鹹詐包|麥麩皮,40,19.8,1.8,1,1.5,0,1.2,0.3
麥麩皮|甜麵包餡,麥麩皮|鹹詐包,胡椒鹹詐包|麥麩皮,40,11.7,0.9,0.5,1,0,0.4,0.6
麥麩皮|甜麵包餡,麥麩皮|甜詐包,芋頭甜詐包|麥麩皮,40,16.6,1.2,0.8,1.7,0,1.1,0.6
麥麩皮|甜麵包餡,麥麩皮|甜詐包,芝麻甜詐包|麥麩皮,40,18.1,1.3,1.1,1.4,0,1.3,0.1
麥麩皮|甜麵包餡,麥麩皮|甜詐包,地瓜番薯甜詐包|麥麩皮,40,15.2,1.2,0.8,1.4,0,1.2,0.2
麥麩皮|甜麵包餡,麥麩皮|甜詐包,紫心地瓜甜詐包|麥麩皮,40,15.2,1.2,0.8,1.4,0,1.2,0.2
麥麩皮|甜麵包餡,麥麩皮|甜詐包,花生甜詐包|麥麩皮,40,17.9,1.4,1.1,1.3,0,1.4,-0.1
麥麩皮|甜麵包餡,麥麩皮|甜詐包,紅豆甜詐包|麥麩皮,40,13.2,1,0.8,1,0,1,0
麥麩皮|甜麵包餡,麥麩皮|蛋黃酥,甘藷蛋黃酥|麥麩皮,95,56,4,3.6,3.1,0,2.4,0.7
麥麩皮|甜麵包餡,麥麩皮|蛋黃酥,芋頭蛋黃酥|麥麩皮,95,55.8,4.1,3.6,3,0,2.5,0.5
麥麩皮|甜麵包餡,麥麩皮|蛋黃酥,芝麻蛋黃酥|麥麩皮,95,65.6,4.4,4.6,3,0,2.7,0.3
麥麩皮|甜麵包餡,麥麩皮|蛋黃酥,紅豆蛋黃酥|麥麩皮,95,53.4,4,3.4,2.9,0,2.4,0.5
麥麩皮|甜麵包餡,麥麩皮|蛋黃酥,紫地瓜蛋黃酥|麥麩皮,95,56,4,3.6,3.1,0,2.4,0.7
麥麩皮|甜麵包餡,麥麩皮|3Q月餅,3Q芋頭酥月餅|麥麩皮,50,16.2,1,0.8,1.7,0,0.9,0.8
麥麩皮|甜麵包餡,麥麩皮|3Q月餅,3Q地瓜酥月餅|麥麩皮,50,30.7,1.9,0.8,3.3,0,1.8,1.5
麥麩皮|甜麵包餡,麥麩皮|3Q月餅,3Q花生酥月餅|麥麩皮,50,32,2.2,1.8,2.8,0,2.1,0.7
麥麩皮|甜麵包餡,麥麩皮|3Q月餅,3Q紫心地瓜酥月餅|麥麩皮,50,29.7,1.9,1.5,3.1,0,1.9,1.2
麥麩皮|甜麵包餡,麥麩皮|3Q月餅,3Q芝麻酥月餅|麥麩皮,50,32.7,2,1.9,2.9,0,2,0.9
麥麩皮|甜麵包餡,麥麩皮|3Q月餅,3Q紅豆酥月餅|麥麩皮,50,29.7,2,1.5,3,0,1.9,1.1
麥麩皮|甜品|起士條,起士條,原味起士條|麥麩皮,35,33.1,2.4,2.1,1.4,0,0.5,0.9
麥麩皮|甜品|起士條,起士條,摩卡咖啡起士條|麥麩皮,35,19.8,2,1.8,1.9,0,1,0.9
麥麩皮|甜品|起士條,起士條,摩卡肉桂起士條|麥麩皮,35,24.9,1.7,1.3,2.3,0,1.4,0.9
麥麩皮|甜品|起士條,起士條,伯爵奶茶起士條|麥麩皮,35,28.7,2,1.7,1.8,0,0.9,0.9
麥麩皮|甜品|起士條,起士條,日式抹茶起士條|麥麩皮,35,30,2,1.8,1.9,0,0.9,1
麥麩皮|甜品|起士條,起士條,可可乳酪起士條|麥麩皮,35,31.9,2.1,1.9,2.2,0,1.2,1
麥麩皮|甜品|起士條,起士條,野莓起士條|麥麩皮,35,30.8,2.1,1.8,2,0,0.9,1.1
麥麩皮|甜品|起士條,起士條,橙蜜咖啡起士條|麥麩皮,35,29.4,2,1.8,1.8,0,1,0.8
麥麩皮|甜品|起士條,起士條,鳳梨起士條|麥麩皮,35,31.7,2.1,1.9,1.9,0.3,0.7,1.2
麥麩皮|甜品|起士條,起士條,檸檬起士條|麥麩皮,35,30.8,2.1,1.8,2,0,0.9,1.1
麥麩皮|甜品|起士條,起士條,芒果起士條|麥麩皮,35,17.8,1.8,1.6,2,0,0.9,1.1
麥麩皮|塔派,麥麩皮|蛋塔,原味蛋塔|麥麩皮,90,50.6,4.6,2.2,4.2,0.7,2.2,2
麥麩皮|塔派,麥麩皮|蛋塔,巧克力蛋塔|麥麩皮,90,52.9,4.7,2.3,4.5,0.7,2.3,2.2
麥麩皮|塔派,麥麩皮|蛋塔,咖啡蛋塔|麥麩皮,90,50.6,4.6,2.2,4.2,0.7,2.2,2
麥麩皮|塔派,麥麩皮|蛋塔,咖啡藏心蛋塔|麥麩皮,100,73.1,5.4,4.1,5.2,0,3.1,2.1
麥麩皮|塔派,麥麩皮|蛋塔,巧克力藏心蛋塔|麥麩皮,100,65.6,5.2,3.6,4.7,0,3.2,1.5
麥麩皮|塔派,麥麩皮|蛋塔,花生醬藏心蛋塔|麥麩皮,100,70,5.3,4.2,4.2,0,2.9,1.3
麥麩皮|塔派,麥麩皮|蛋塔,草莓醬蛋塔|麥麩皮,100,63.2,5,3.4,4.6,0,2.9,1.7
麥麩皮|塔派,麥麩皮|蛋塔,鳳梨醬蛋塔|麥麩皮,100,63.4,5,3.4,4.7,0,3,1.7
麥麩皮|塔派,麥麩皮|蛋塔,葡萄醬蛋塔|麥麩皮,100,63.4,5,3.4,4.6,0,2.8,1.8
麥麩皮|塔派,麥麩皮|蛋塔,水蜜桃醬蛋塔|麥麩皮,100,62.2,5,3.4,4.3,0,2.8,1.5
麥麩皮|塔派,麥麩皮|蛋塔,桑葚醬蛋塔|麥麩皮,100,62,5,3.4,4.3,0,2.9,1.4
麥麩皮|塔派,麥麩皮|麵包塔,玉米麵包塔|麥麩皮,190,83.1,4,4.9,7,0,2.5,4.5
麥麩皮|塔派,麥麩皮|麵包塔,玉米起士麵包塔|麥麩皮,190,61.9,4.9,1.7,9.3,0,5.1,4.2
麥麩皮|塔派,麥麩皮|麵包塔,雞肉麵包塔|麥麩皮,190,73.9,2.5,5.7,4.2,0,2.1,2.1
麥麩皮|塔派,麥麩皮|麵包塔,起士雞肉麵包塔|麥麩皮,190,79.3,3.4,5.9,4.2,0,2.1,2.1
麥麩皮|塔派,麥麩皮|麵包塔,義式番茄麵包塔|麥麩皮,190,62.6,3,4.4,3.8,0.2,2.1,1.7
麥麩皮|塔派,麥麩皮|麵包塔,熱狗鹹蔥麵包塔|麥麩皮,190,91.2,3.4,7,4.6,0,1.9,2.7
麥麩皮|塔派,麥麩皮|麵包塔,海鮮麵包塔|麥麩皮,190,70.2,3.6,4.8,4.2,0,2.1,2.1
麥麩皮|塔派,麥麩皮|半熟起士塔,鳳梨半熟起士塔|麥麩皮,97,122.1,3.5,10.1,5.9,0,3.2,2.7
麥麩皮|塔派,麥麩皮|半熟起士塔,檸檬半熟起士塔|麥麩皮,92,116,3.3,9.6,5.6,0,3,2.6
麥麩皮|塔派,麥麩皮|半熟起士塔,芒果半熟起士塔|麥麩皮,100,122,3.4,10,6.2,0,3.2,3
麥麩皮|餅乾|零食,麥麩皮|餅乾棒,鹹香蒜餅乾棒|麥麩皮,3,0.8,0.1,0,0.2,0,0.2,0
麥麩皮|餅乾|零食,麥麩皮|餅乾棒,香草餅乾棒|麥麩皮,3,0.8,0.1,0,0.2,0,0.2,0
麥麩皮|餅乾|零食,麥麩皮|餅乾棒,葡萄乾餅乾棒|麥麩皮,3,0.8,0.1,0,0.2,0,0.2,0
麥麩皮|餅乾|零食,麥麩皮|餅乾棒,香椰餅乾棒|麥麩皮,3,0.8,0.1,0,0.2,0,0.2,0
麥麩皮|餅乾|零食,麥麩皮|餅乾棒,咖啡餅乾棒|麥麩皮,3,0.8,0.1,0,0.2,0,0.2,0
麥麩皮|餅乾|零食,麥麩皮|餅乾棒,巧克力餅乾棒|麥麩皮,3,0.8,0.1,0,0.2,0,0.2,0
麥麩皮|餅乾|零食,麥麩皮|餅乾棒,鹹酥雞餅乾棒|麥麩皮,3,0.8,0.1,0,0.2,0,0.2,0
麥麩皮|餅乾|零食,麥麩皮|餅乾棒,韓式泡菜餅乾棒|麥麩皮,3,1,0.1,0,0.2,0,0.1,0.1
麥麩皮|餅乾|零食,麥麩皮|餅乾棒,薯格格餅乾棒|麥麩皮,3,0.4,0,0,0.2,0,0.2,0
麥麩皮|餅乾|零食,麥麩皮|餅乾棒,墨西哥餅乾棒|麥麩皮,3,0.8,0.1,0,0.2,0,0.2,0
麥麩皮|餅乾|零食,麥麩皮|餅乾棒,章魚燒餅乾棒|麥麩皮,3,1,0.1,0,0.2,0,0.1,0.1
麥麩皮|餅乾|零食,麥麩皮餅乾,香蕉麥麩皮餅乾,40,30.5,0.9,0.3,7,0,1.9,5.1
膳纖|PIZZA,膳纖|PIZZA,義大利豬肉醬PIZZA七吋|膳纖,0,0,0,0,0,0,0,0
膳纖|PIZZA,膳纖|PIZZA,夏威夷PIZZA七吋|膳纖,0,0,0,0,0,0,0,0
膳纖|PIZZA,膳纖|PIZZA,泰式打拋豬PIZZA七吋|膳纖,0,0,0,0,0,0,0,0
膳纖|PIZZA,膳纖|PIZZA,青醬嫩雞PIZZA七吋|膳纖,0,0,0,0,0,0,0,0
膳纖|PIZZA,膳纖|PIZZA,墨魚海鮮PIZZA七吋|膳纖,0,0,0,0,0,0,0,0
膳纖|PIZZA,膳纖|PIZZA,壽喜燒牛肉PIZZA七吋|膳纖,0,0,0,0,0,0,0,0
膳纖|吐司,流淚吐司,原味流淚乳酪吐司|山形吐司|膳纖,0,0,0,0,0,0,0,0
膳纖|吐司,流淚吐司,紫薯蔓越莓流淚乳酪吐司|膳纖,0,0,0,0,0,0,0,0
膳纖|吐司,流淚吐司,雙色巧克力流淚乳酪吐司|膳纖,0,0,0,0,0,0,0,0
膳纖|吐司,流淚吐司,抹茶紅豆流淚乳酪吐司|膳纖,0,0,0,0,0,0,0,0
膳纖|吐司,流淚吐司,葡萄乾流淚乳酪吐司|膳纖,0,0,0,0,0,0,0,0
膳纖|吐司,流淚吐司,芝麻流淚乳酪吐司|膳纖,0,0,0,0,0,0,0,0
膳纖|吐司,流淚吐司,南瓜乳酪流淚乳酪吐司|膳纖,0,0,0,0,0,0,0,0
膳纖|吐司,夾片土司,夾片吐司|膳纖,0,0,0,0,0,0,0,0
膳纖|吐司,帶蓋吐司,原味流淚乳酪吐司|帶蓋吐司|膳纖,0,0,0,0,0,0,0,0
膳纖|吐司,帶蓋吐司,豆漿流淚乳酪吐司|帶蓋吐司|膳纖,0,0,0,0,0,0,0,0
膳纖|吐司,帶蓋吐司,拿鐵流淚乳酪吐司|帶蓋吐司|膳纖,0,0,0,0,0,0,0,0
膳纖|吐司,帶蓋吐司,巧克力流淚乳酪吐司|帶蓋吐司|膳纖,0,0,0,0,0,0,0,0
膳纖|吐司,帶蓋吐司,抹茶流淚乳酪吐司|帶蓋吐司|膳纖,0,0,0,0,0,0,0,0
膳纖|吐司,帶蓋吐司,花生流淚乳酪吐司|帶蓋吐司|膳纖,0,0,0,0,0,0,0,0
膳纖|貝果,貝果,原味天然酵母手感貝果|膳纖,0,0,0,0,0,0,0,0
膳纖|貝果,貝果,全麥天然酵母手感貝果|膳纖,0,0,0,0,0,0,0,0
膳纖|貝果,貝果,起士玉米迷你貝果|2入|膳纖,0,0,0,0,0,0,0,0
膳纖|貝果,貝果,辣起士番茄迷你貝果|2入|膳纖,0,0,0,0,0,0,0,0
膳纖|貝果,貝果,巧克力迷你貝果|2入|膳纖,0,0,0,0,0,0,0,0
膳纖|貝果,貝果,橙蜜迷你貝果|2入|膳纖,0,0,0,0,0,0,0,0
膳纖|貝果,貝果,肉桂葡萄迷你貝果|2入|膳纖,0,0,0,0,0,0,0,0
膳纖|貝果,貝果,抹茶蔓越莓迷你貝果|2入|膳纖,0,0,0,0,0,0,0,0
膳纖|貝果,貝果,洛神花果粒迷你貝果|2入|膳纖,0,0,0,0,0,0,0,0
膳纖|貝果,貝果,伯爵乳酪迷你貝果|2入|膳纖,0,0,0,0,0,0,0,0
膳纖|貝果,貝果,偽黑糖桂圓迷你貝果|2入|膳纖,0,0,0,0,0,0,0,0
膳纖|歐式麵包,麵包棒,手工原味麵包棒|5入|膳纖,0,0,0,0,0,0,0,0
膳纖|歐式麵包,麵包棒,手工巧克力麵包棒|5入|膳纖,0,0,0,0,0,0,0,0
膳纖|歐式麵包,麵包棒,手工伯爵麵包棒|5入|膳纖,0,0,0,0,0,0,0,0
膳纖|歐式麵包,法棍|大蒜麵包,拖鞋麵包|歐式麵包|膳纖,0,0,0,0,0,0,0,0
膳纖|歐式麵包,法棍|大蒜麵包,法國長棍麵包|歐式麵包|膳纖,0,0,0,0,0,0,0,0
膳纖|歐式麵包,法棍|大蒜麵包,大蒜麵包|歐式麵包|膳纖,0,0,0,0,0,0,0,0
膳纖|歐式麵包,鄉村歐包系列,天然酵母使徒農家麵包|2入|膳纖,0,0,0,0,0,0,0,0
膳纖|歐式麵包,鄉村歐包系列,手工口袋麵包|2入|膳纖,0,0,0,0,0,0,0,0
膳纖|歐式麵包,佛卡夏,美式熱狗起士佛卡夏|歐式麵包|膳纖,0,0,0,0,0,0,0,0
膳纖|歐式麵包,佛卡夏,法式番茄佛卡夏|歐式麵包|膳纖,0,0,0,0,0,0,0,0
膳纖|歐式麵包,佛卡夏,德式香蒜佛卡夏|歐式麵包|膳纖,0,0,0,0,0,0,0,0
膳纖|歐式麵包,佛卡夏,義式橄欖佛卡夏|歐式麵包|膳纖,0,0,0,0,0,0,0,0
膳纖|歐式麵包,佛卡夏,西班牙番茄乾佛卡夏|歐式麵包|膳纖,0,0,0,0,0,0,0,0
其他無麵粉麵包,韓國麵包,韓國麵包|韓式甜點,0,0,0,0,0,0,0,0
膳纖|其他麵包,口袋麵包,手工口袋麵包|2入|膳纖,0,0,0,0,0,0,0,0
膳纖|其他麵包,熱十字麵包,熱十字麵包|歐式麵包|膳纖,0,0,0,0,0,0,0,0
膳纖|其他麵包,香酥麵包丁,香酥麵包丁|膳纖,0,0,0,0,0,0,0,0
膳纖湯種麵包,湯種麵包,芋頭湯種夾心麵包,0,0,0,0,0,0,0,0
膳纖湯種麵包,湯種麵包,紅豆湯種夾心麵包,0,0,0,0,0,0,0,0
膳纖湯種麵包,湯種麵包,熱帶水果湯種夾心麵包,0,0,0,0,0,0,0,0
膳纖湯種麵包,湯種麵包,芝麻湯種夾心麵包,0,0,0,0,0,0,0,0
膳纖湯種麵包,湯種麵包,花生湯種夾心麵包,0,0,0,0,0,0,0,0
膳纖湯種麵包,湯種麵包,瓜瓜乳酪湯種夾心麵包,0,0,0,0,0,0,0,0
膳纖湯種麵包,湯種麵包,草莓湯種夾心麵包,0,0,0,0,0,0,0,0
膳纖湯種麵包,湯種麵包,藍莓湯種夾心麵包,0,0,0,0,0,0,0,0
膳纖湯種麵包,湯種麵包,巧克力湯種夾心麵包,0,0,0,0,0,0,0,0
花椰菜米PIZZA,花椰菜米PIZZA,夏威夷花椰菜米PIZZA,0,0,0,0,0,0,0,0
花椰菜米PIZZA,花椰菜米PIZZA,義式肉醬花椰菜米PIZZA,0,0,0,0,0,0,0,0
花椰菜米PIZZA,花椰菜米PIZZA,青醬雞肉花椰菜米PIZZA,0,0,0,0,0,0,0,0
花椰菜米PIZZA,花椰菜米PIZZA,白醬海鮮花椰菜米PIZZA,0,0,0,0,0,0,0,0
花椰菜米PIZZA,花椰菜米PIZZA,壽喜燒花椰菜米PIZZA,0,0,0,0,0,0,0,0
花椰菜米PIZZA,花椰菜米PIZZA,泰式打拋豬花椰菜米PIZZA,0,0,0,0,0,0,0,0
麥麩皮塔派,蛋塔,原味蛋塔|麥麩皮,0,0,0,0,0,0,0,0
麥麩皮塔派,蛋塔,巧克力蛋塔|麥麩皮,0,0,0,0,0,0,0,0
麥麩皮塔派,蛋塔,咖啡蛋塔|麥麩皮,0,0,0,0,0,0,0,0
麥麩皮塔派,藏心蛋塔,咖啡藏心蛋塔|麥麩皮,0,0,0,0,0,0,0,0
麥麩皮塔派,藏心蛋塔,巧克力藏心蛋塔|麥麩皮,0,0,0,0,0,0,0,0
麥麩皮塔派,藏心蛋塔,花生醬藏心蛋塔|麥麩皮,0,0,0,0,0,0,0,0
麥麩皮塔派,水果醬蛋塔,草莓醬蛋塔|麥麩皮,0,0,0,0,0,0,0,0
麥麩皮塔派,水果醬蛋塔,鳳梨醬蛋塔|麥麩皮,0,0,0,0,0,0,0,0
麥麩皮塔派,水果醬蛋塔,葡萄醬蛋塔|麥麩皮,0,0,0,0,0,0,0,0
麥麩皮塔派,水果醬蛋塔,水蜜桃醬蛋塔|麥麩皮,0,0,0,0,0,0,0,0
麥麩皮塔派,水果醬蛋塔,桑葚醬蛋塔|麥麩皮,0,0,0,0,0,0,0,0
膳纖塔派,南瓜派,甜南瓜派,0,0,0,0,0,0,0,0
膳纖塔派,南瓜派,鹹南瓜派,0,0,0,0,0,0,0,0
膳纖塔派,法式鹹派,法式蔬菜鹹派,0,0,0,0,0,0,0,0
膳纖塔派,法式鹹派,法式培根鹹派,0,0,0,0,0,0,0,0
膳纖塔派,蘋果派|鳳梨派,鳳梨派,0,0,0,0,0,0,0,0
膳纖塔派,蘋果派|鳳梨派,蘋果派,0,0,0,0,0,0,0,0
膳纖塔派,香蕉塔,香蕉塔,0,0,0,0,0,0,0,0
膳纖塔派,起士餅乾塔,檸檬起士餅乾塔|膳纖,0,0,0,0,0,0,0,0
麥麩皮起士條,起士條,原味起士條|麥麩皮,0,0,0,0,0,0,0,0
麥麩皮起士條,起士條,摩卡咖啡起士條|麥麩皮,0,0,0,0,0,0,0,0
麥麩皮起士條,起士條,摩卡肉桂起士條|麥麩皮,0,0,0,0,0,0,0,0
麥麩皮起士條,起士條,伯爵奶茶起士條|麥麩皮,0,0,0,0,0,0,0,0
麥麩皮起士條,起士條,日式抹茶起士條|麥麩皮,0,0,0,0,0,0,0,0
麥麩皮起士條,起士條,可可乳酪起士條|麥麩皮,0,0,0,0,0,0,0,0
麥麩皮起士條,起士條,野莓起士條|麥麩皮,0,0,0,0,0,0,0,0
麥麩皮起士條,起士條,橙蜜咖啡起士條|麥麩皮,0,0,0,0,0,0,0,0
麥麩皮起士條,起士條,鳳梨起士條|麥麩皮,0,0,0,0,0,0,0,0
麥麩皮起士條,起士條,檸檬起士條|麥麩皮,0,0,0,0,0,0,0,0
麥麩皮起士條,起士條,芒果起士條|麥麩皮,0,0,0,0,0,0,0,0
杯子蛋糕,杯子蛋糕,咖啡杯子蛋糕,0,0,0,0,0,0,0,0
杯子蛋糕,杯子蛋糕,巧克力杯子蛋糕,0,0,0,0,0,0,0,0
杯子蛋糕,杯子蛋糕,橙蜜杯子蛋糕,0,0,0,0,0,0,0,0
杯子蛋糕,杯子蛋糕,桂圓核桃杯子蛋糕,0,0,0,0,0,0,0,0
杯子蛋糕,杯子蛋糕,抹茶杯子蛋糕,0,0,0,0,0,0,0,0
杯子蛋糕,杯子蛋糕,起士杯子蛋糕,0,0,0,0,0,0,0,0
杯子蛋糕,杯子蛋糕,香草杯子蛋糕,0,0,0,0,0,0,0,0
杯子蛋糕,杯子蛋糕,紅豆杯子蛋糕,0,0,0,0,0,0,0,0
杯子蛋糕,杯子蛋糕,芋頭杯子蛋糕,0,0,0,0,0,0,0,0
杯子蛋糕,杯子蛋糕,草莓煉乳杯子蛋糕,0,0,0,0,0,0,0,0
杯子蛋糕,杯子蛋糕,焙茶杯子蛋糕,0,0,0,0,0,0,0,0
杯子蛋糕,杯子蛋糕,阿薩姆紅茶杯子蛋糕,0,0,0,0,0,0,0,0
杯子蛋糕,杯子蛋糕,烏龍茶杯子蛋糕,0,0,0,0,0,0,0,0
杯子蛋糕,杯子蛋糕,粉紅莓果杯子蛋糕,0,0,0,0,0,0,0,0
杯子蛋糕,杯子蛋糕,檸檬杯子蛋糕,0,0,0,0,0,0,0,0
杯子蛋糕,杯子蛋糕,摩卡榛果杯子蛋糕,0,0,0,0,0,0,0,0
杯子蛋糕,杯子蛋糕,柳橙杯子蛋糕,0,0,0,0,0,0,0,0
杯子蛋糕,杯子蛋糕,抹茶甜紅豆杯子蛋糕,0,0,0,0,0,0,0,0
杯子蛋糕,杯子蛋糕,肉桂奶酒杯子蛋糕,0,0,0,0,0,0,0,0
杯子蛋糕,杯子蛋糕,椰香杯子蛋糕,0,0,0,0,0,0,0,0
杯子蛋糕,杯子蛋糕,伯爵紅茶杯子蛋糕,0,0,0,0,0,0,0,0
鮮奶油蛋糕,鮮奶油蛋糕,摩卡鮮奶油蛋糕,0,0,0,0,0,0,0,0
鮮奶油蛋糕,鮮奶油蛋糕,香橙鮮奶油杯子蛋糕,0,0,0,0,0,0,0,0
鮮奶油蛋糕,鮮奶油蛋糕,提拉米蘇風味鮮奶油杯子蛋糕,0,0,0,0,0,0,0,0
鮮奶油蛋糕,鮮奶油蛋糕,抹茶鮮奶油杯子蛋糕,0,0,0,0,0,0,0,0
鮮奶油蛋糕,鮮奶油蛋糕,伯爵茶鮮奶油杯子蛋糕,0,0,0,0,0,0,0,0
鮮奶油蛋糕,鮮奶油蛋糕,摩卡鮮奶油杯子蛋糕,0,0,0,0,0,0,0,0
鮮奶油蛋糕,鮮奶油蛋糕,阿薩姆奶茶鮮奶油杯子蛋糕,0,0,0,0,0,0,0,0
鮮奶油蛋糕,鮮奶油蛋糕,草莓香料鮮奶油杯子蛋糕,0,0,0,0,0,0,0,0
鮮奶油蛋糕,鮮奶油蛋糕,烏龍茶鮮奶油杯子蛋糕,0,0,0,0,0,0,0,0
鮮奶油蛋糕,鮮奶油蛋糕,水蜜桃鮮奶油杯子蛋糕,0,0,0,0,0,0,0,0
馬芬蛋糕,馬芬蛋糕,鹹火腿玉米馬芬蛋糕,0,0,0,0,0,0,0,0
馬芬蛋糕,馬芬蛋糕,鹹洋蔥培根馬芬蛋糕,0,0,0,0,0,0,0,0
馬芬蛋糕,馬芬蛋糕,鹹雙起士馬芬蛋糕,0,0,0,0,0,0,0,0
馬芬蛋糕,馬芬蛋糕,甜杏仁巧克力馬芬蛋糕,0,0,0,0,0,0,0,0
馬芬蛋糕,馬芬蛋糕,甜香橙果粒馬芬蛋糕,0,0,0,0,0,0,0,0
馬芬蛋糕,馬芬蛋糕,甜海鹽太妃糖馬芬蛋糕,0,0,0,0,0,0,0,0
馬芬蛋糕,馬芬蛋糕,甜香蕉核桃馬芬蛋糕,0,0,0,0,0,0,0,0
馬芬蛋糕,馬芬蛋糕,甜摩卡咖啡馬芬蛋糕,0,0,0,0,0,0,0,0
大蛋糕,四吋蛋糕,桂圓核桃蛋糕|4吋,0,0,0,0,0,0,0,0
大蛋糕,四吋蛋糕,咖啡蛋糕|4吋,0,0,0,0,0,0,0,0
大蛋糕,四吋蛋糕,巧克力蛋糕|4吋,0,0,0,0,0,0,0,0
大蛋糕,四吋蛋糕,橙蜜蛋糕|4吋,0,0,0,0,0,0,0,0
大蛋糕,四吋蛋糕,起士蛋糕|4吋,0,0,0,0,0,0,0,0
大蛋糕,四吋蛋糕,抹茶蛋糕|4吋,0,0,0,0,0,0,0,0
大蛋糕,四吋蛋糕,芒果醬流漿4吋蛋糕,0,0,0,0,0,0,0,0
大蛋糕,四吋蛋糕,古早味肉燥起士4吋蛋糕,0,0,0,0,0,0,0,0
大蛋糕,四吋蛋糕,翻轉鳳梨4吋蛋糕,0,0,0,0,0,0,0,0
大蛋糕,六吋蛋糕,桂圓核桃蛋糕|6吋,0,0,0,0,0,0,0,0
大蛋糕,六吋蛋糕,咖啡蛋糕|6吋,0,0,0,0,0,0,0,0
大蛋糕,六吋蛋糕,巧克力蛋糕|6吋,0,0,0,0,0,0,0,0
大蛋糕,六吋蛋糕,橙蜜蛋糕|6吋,0,0,0,0,0,0,0,0
大蛋糕,六吋蛋糕,起士蛋糕|6吋,0,0,0,0,0,0,0,0
大蛋糕,六吋蛋糕,抹茶蛋糕|6吋,0,0,0,0,0,0,0,0
大蛋糕,鹹起士蛋糕,古早味肉燥起士4吋蛋糕,0,0,0,0,0,0,0,0
磅蛋糕,"
旅行磅蛋糕",巧克力旅行磅蛋糕,0,0,0,0,0,0,0,0
磅蛋糕,"
旅行磅蛋糕",抹茶旅行磅蛋糕,0,0,0,0,0,0,0,0
磅蛋糕,"
旅行磅蛋糕",咖啡核桃旅行磅蛋糕,0,0,0,0,0,0,0,0
磅蛋糕,"
旅行磅蛋糕",香橙果粒旅行磅蛋糕,0,0,0,0,0,0,0,0
磅蛋糕,"
旅行磅蛋糕",檸檬旅行磅蛋糕,0,0,0,0,0,0,0,0
磅蛋糕,"
旅行磅蛋糕",香蕉南瓜籽旅行磅蛋糕,0,0,0,0,0,0,0,0
磅蛋糕,"
旅行磅蛋糕",梅子旅行磅蛋糕,0,0,0,0,0,0,0,0
磅蛋糕,"
旅行磅蛋糕",蘋果肉桂旅行磅蛋糕,0,0,0,0,0,0,0,0
磅蛋糕,"
旅行磅蛋糕",焦糖蘋果旅行磅蛋糕,0,0,0,0,0,0,0,0
磅蛋糕,"
旅行磅蛋糕",伯爵紅茶旅行磅蛋糕,0,0,0,0,0,0,0,0
磅蛋糕,"
旅行磅蛋糕",貝禮詩奶酒旅行磅蛋糕,0,0,0,0,0,0,0,0
磅蛋糕,"
旅行磅蛋糕",萊姆葡萄旅行磅蛋糕,0,0,0,0,0,0,0,0
磅蛋糕,"
旅行磅蛋糕",玉荷包荔枝酒旅行磅蛋糕,0,0,0,0,0,0,0,0
磅蛋糕,"
旅行磅蛋糕",鹹蛋黃旅行磅蛋糕,0,0,0,0,0,0,0,0
磅蛋糕,"
旅行磅蛋糕",酒漬偽黑糖桂圓旅行磅蛋糕,0,0,0,0,0,0,0,0
磅蛋糕,圓形磅蛋糕,老奶奶檸檬糖霜圓形磅蛋糕,0,0,0,0,0,0,0,0
磅蛋糕,圓形磅蛋糕,抹茶紅豆白玉圓形磅蛋糕,0,0,0,0,0,0,0,0
磅蛋糕,圓形磅蛋糕,巧克力棉花糖圓形磅蛋糕,0,0,0,0,0,0,0,0
磅蛋糕,圓形磅蛋糕,起士肉鬆圓形磅蛋糕,0,0,0,0,0,0,0,0
磅蛋糕,圓形磅蛋糕,巧克力圓形磅蛋糕,0,0,0,0,0,0,0,0
磅蛋糕,圓形磅蛋糕,抹茶圓形磅蛋糕,0,0,0,0,0,0,0,0
磅蛋糕,圓形磅蛋糕,咖啡核桃圓形磅蛋糕,0,0,0,0,0,0,0,0
磅蛋糕,圓形磅蛋糕,香橙果粒圓形磅蛋糕,0,0,0,0,0,0,0,0
磅蛋糕,圓形磅蛋糕,檸檬圓形磅蛋糕,0,0,0,0,0,0,0,0
磅蛋糕,圓形磅蛋糕,香蕉南瓜籽圓形磅蛋糕,0,0,0,0,0,0,0,0
磅蛋糕,圓形磅蛋糕,梅子圓形磅蛋糕,0,0,0,0,0,0,0,0
磅蛋糕,圓形磅蛋糕,蘋果肉桂圓形磅蛋糕磅蛋糕,0,0,0,0,0,0,0,0
磅蛋糕,圓形磅蛋糕,焦糖蘋果圓形磅蛋糕,0,0,0,0,0,0,0,0
磅蛋糕,圓形磅蛋糕,伯爵紅茶圓形磅蛋糕磅蛋糕,0,0,0,0,0,0,0,0
磅蛋糕,圓形磅蛋糕,貝禮詩奶酒圓形磅蛋糕磅蛋糕,0,0,0,0,0,0,0,0
磅蛋糕,圓形磅蛋糕,萊姆葡萄圓形磅蛋糕磅蛋糕,0,0,0,0,0,0,0,0
磅蛋糕,圓形磅蛋糕,玉荷包荔枝酒圓形磅蛋糕磅蛋糕,0,0,0,0,0,0,0,0
磅蛋糕,圓形磅蛋糕,鹹蛋黃磅蛋糕圓形磅蛋糕,0,0,0,0,0,0,0,0
磅蛋糕,圓形磅蛋糕,酒漬偽黑糖桂圓圓形磅蛋糕,0,0,0,0,0,0,0,0
磅蛋糕,迷你磅蛋糕,貝禮詩奶酒迷你磅蛋糕,0,0,0,0,0,0,0,0
磅蛋糕,迷你磅蛋糕,萊姆葡萄迷你磅蛋糕,0,0,0,0,0,0,0,0
磅蛋糕,迷你磅蛋糕,焦糖蘋果迷你磅蛋糕,0,0,0,0,0,0,0,0
磅蛋糕,迷你磅蛋糕,伯爵紅茶迷你磅蛋糕,0,0,0,0,0,0,0,0
磅蛋糕,迷你磅蛋糕,玉荷包荔枝酒迷你磅蛋糕,0,0,0,0,0,0,0,0
磅蛋糕,迷你磅蛋糕,酒漬偽黑糖桂圓迷你磅蛋糕,0,0,0,0,0,0,0,0
磅蛋糕,迷你磅蛋糕,巧克力迷你磅蛋糕,0,0,0,0,0,0,0,0
磅蛋糕,迷你磅蛋糕,抹茶迷你磅蛋糕,0,0,0,0,0,0,0,0
磅蛋糕,迷你磅蛋糕,咖啡核桃迷你磅蛋糕,0,0,0,0,0,0,0,0
磅蛋糕,迷你磅蛋糕,香橙果粒迷你磅蛋糕,0,0,0,0,0,0,0,0
磅蛋糕,迷你磅蛋糕,檸檬迷你磅蛋糕,0,0,0,0,0,0,0,0
磅蛋糕,迷你磅蛋糕,梅子迷你磅蛋糕,0,0,0,0,0,0,0,0
磅蛋糕,迷你磅蛋糕,蘋果肉桂迷你磅蛋糕,0,0,0,0,0,0,0,0
磅蛋糕,迷你磅蛋糕,鹹蛋黃迷你磅蛋糕,0,0,0,0,0,0,0,0
磅蛋糕,迷你磅蛋糕,巧克力棉花糖迷你磅蛋糕,0,0,0,0,0,0,0,0
磅蛋糕,迷你磅蛋糕,老奶奶檸檬糖霜迷你磅蛋糕,0,0,0,0,0,0,0,0
磅蛋糕,迷你磅蛋糕,抹茶紅豆白玉迷你磅蛋糕,0,0,0,0,0,0,0,0
乳酪蛋糕|布丁蛋糕,巴斯克乳酪蛋糕,原味巴斯克乳酪蛋糕,0,0,0,0,0,0,0,0
乳酪蛋糕|布丁蛋糕,巴斯克乳酪蛋糕,巧克力巴斯克乳酪蛋糕,0,0,0,0,0,0,0,0
乳酪蛋糕|布丁蛋糕,布丁蛋糕,法布魯頓梅子糕|布丁蛋糕|法式甜點,0,0,0,0,0,0,0,0
膳纖蒸糕,馬來糕,港式馬來糕,0,0,0,0,0,0,0,0
膳纖蒸糕,馬來糕,金沙馬來糕,0,0,0,0,0,0,0,0
膳纖蒸糕,發糕,六色發糕,0,0,0,0,0,0,0,0
膳纖蒸糕,發糕,三色發糕,0,0,0,0,0,0,0,0
無麵粉瑪德蓮,瑪德蓮蛋糕,香草|瑪德蓮蛋糕,0,0,0,0,0,0,0,0
無麵粉瑪德蓮,瑪德蓮蛋糕,巧克力|瑪德蓮蛋糕,0,0,0,0,0,0,0,0
無麵粉瑪德蓮,瑪德蓮蛋糕,伯爵茶|瑪德蓮蛋糕,0,0,0,0,0,0,0,0
無麵粉瑪德蓮,瑪德蓮蛋糕,抹茶|瑪德蓮蛋糕,0,0,0,0,0,0,0,0
無麵粉瑪德蓮,瑪德蓮蛋糕,莓果夾心|瑪德蓮蛋糕,0,0,0,0,0,0,0,0
無麵粉瑪德蓮,瑪德蓮蛋糕,夏威夷豆|瑪德蓮蛋糕,0,0,0,0,0,0,0,0
無麵粉瑪德蓮,瑪德蓮蛋糕,檸檬|瑪德蓮蛋糕,0,0,0,0,0,0,0,0
無麵粉瑪德蓮,瑪德蓮蛋糕,紅絲絨|瑪德蓮蛋糕,0,0,0,0,0,0,0,0
無麵粉瑪德蓮,瑪德蓮蛋糕,咖啡|瑪德蓮蛋糕,0,0,0,0,0,0,0,0
甜點|法國甜點,布朗尼,巧克力小布朗尼,0,0,0,0,0,0,0,0
甜點|法國甜點,布朗尼,巧克力大布朗尼,0,0,0,0,0,0,0,0
甜點|法國甜點,布朗尼,香蕉核桃布朗尼,0,0,0,0,0,0,0,0
甜點|法國甜點,法式棉花糖,原味法式手工棉花糖|無蔗糖,0,0,0,0,0,0,0,0
甜點|法國甜點,法式棉花糖,桑葚法式手工棉花糖|無蔗糖,0,0,0,0,0,0,0,0
甜點|法國甜點,法式棉花糖,芒果法式手工棉花糖|無蔗糖,0,0,0,0,0,0,0,0
甜點|法國甜點,法式棉花糖,水蜜桃法式手工棉花糖|無蔗糖,0,0,0,0,0,0,0,0
甜點|法國甜點,法式棉花糖,梅子法式手工棉花糖|無蔗糖,0,0,0,0,0,0,0,0
甜點|法國甜點,法式棉花糖,麝香葡萄法式手工棉花糖|無蔗糖,0,0,0,0,0,0,0,0
甜點|法國甜點,橙片巧克力,巧克力無糖橙片|法式甜點,0,0,0,0,0,0,0,0
甜點|法國甜點,橙片巧克力,無糖橙片|法式甜點,0,0,0,0,0,0,0,0
甜點|法國甜點,布丁蛋糕,法布魯頓梅子糕|布丁蛋糕|法式甜點,0,0,0,0,0,0,0,0
司康,鹹司康,鹹檸檬司康,0,0,0,0,0,0,0,0
司康,鹹司康,鹹青蔥培根司康,0,0,0,0,0,0,0,0
司康,鹹司康,鹹金沙司康,0,0,0,0,0,0,0,0
司康,甜司康,可可肉桂司康,0,0,0,0,0,0,0,0
司康,甜司康,香蕉莓果司康,0,0,0,0,0,0,0,0
牛粒馬卡龍,牛粒馬卡龍,香草牛粒,0,0,0,0,0,0,0,0
牛粒馬卡龍,牛粒馬卡龍,巧克力牛粒,0,0,0,0,0,0,0,0
牛粒馬卡龍,牛粒馬卡龍,草莓牛粒,0,0,0,0,0,0,0,0
膳纖水果酥,水果酥,鳳梨水果酥,0,0,0,0,0,0,0,0
膳纖水果酥,水果酥,草莓水果酥,0,0,0,0,0,0,0,0
膳纖水果酥,水果酥,藍莓水果酥,0,0,0,0,0,0,0,0
膳纖水果酥,水果酥,紅豆麻糬酥,0,0,0,0,0,0,0,0
膳纖水果酥,水果酥,哈密瓜水果酥,0,0,0,0,0,0,0,0
膳纖水果酥,水果酥,桑葚水果酥,0,0,0,0,0,0,0,0
膳纖水果酥,水果酥,芒果水果酥,0,0,0,0,0,0,0,0
膳纖水果酥,水果酥,水蜜桃酥水果酥,0,0,0,0,0,0,0,0
膳纖水果酥,水果酥,胭脂梅水果酥,0,0,0,0,0,0,0,0
膳纖水果酥,3Q乳酪酥,3Q手工乳酪酥|芋頭肉鬆,0,0,0,0,0,0,0,0
膳纖水果酥,3Q乳酪酥,3Q手工乳酪酥|紅豆肉鬆,0,0,0,0,0,0,0,0
膳纖水果酥,3Q乳酪酥,3Q手工乳酪酥|地瓜蛋黃,0,0,0,0,0,0,0,0
膳纖水果酥,3Q乳酪酥,3Q手工乳酪酥|鳳凰酥,0,0,0,0,0,0,0,0
膳纖水果酥,金沙水果酥,金沙水果酥|鳳梨,0,0,0,0,0,0,0,0
膳纖水果酥,金沙水果酥,金沙水果酥|花生,0,0,0,0,0,0,0,0
膳纖水果酥,金沙水果酥,金沙水果酥|紅豆,0,0,0,0,0,0,0,0
膳纖水果酥,金沙水果酥,金沙水果酥|芋頭,0,0,0,0,0,0,0,0
膳纖水果酥,茶酥,茶酥|花生,0,0,0,0,0,0,0,0
膳纖水果酥,茶酥,茶酥|鳳梨,0,0,0,0,0,0,0,0
膳纖水果酥,茶酥,茶酥|草莓,0,0,0,0,0,0,0,0
膳纖水果酥,茶酥,茶酥|藍莓,0,0,0,0,0,0,0,0
膳纖水果酥,茶酥,茶酥|紅豆麻糬,0,0,0,0,0,0,0,0
膳纖水果酥,茶酥,茶酥|哈密瓜,0,0,0,0,0,0,0,0
膳纖水果酥,茶酥,茶酥|桑葚,0,0,0,0,0,0,0,0
膳纖水果酥,茶酥,茶酥|水蜜桃,0,0,0,0,0,0,0,0
膳纖水果酥,茶酥,茶酥|胭脂梅,0,0,0,0,0,0,0,0
膳纖水果酥,茶酥,茶酥|芒果,0,0,0,0,0,0,0,0
膳纖|月餅,白豆沙酥餅,白豆沙酥餅|月餅|單入|膳纖,0,0,0,0,0,0,0,0
膳纖|月餅,白豆沙酥餅,白豆沙酥餅|月餅|二入禮盒|膳纖,0,0,0,0,0,0,0,0
膳纖|月餅,白豆沙酥餅,白豆沙酥餅|月餅||四入禮盒|膳纖,0,0,0,0,0,0,0,0
膳纖|月餅,蛋黃酥,蛋黃酥月餅|單入|膳纖,0,0,0,0,0,0,0,0
膳纖|月餅,蛋黃酥,蛋黃酥|月餅|二入禮盒|膳纖,0,0,0,0,0,0,0,0
膳纖|月餅,蛋黃酥,蛋黃酥月餅|四入禮盒|膳纖,0,0,0,0,0,0,0,0
膳纖|月餅,港式奶黃流心,港式奶黃流心月餅|單入|膳纖,0,0,0,0,0,0,0,0
膳纖|月餅,港式奶黃流心,港式奶黃流心月餅|4入禮盒|膳纖,0,0,0,0,0,0,0,0
膳纖|月餅,老婆餅,老婆餅|月餅|單入|膳纖,0,0,0,0,0,0,0,0
膳纖|月餅,老婆餅,老婆餅|月餅|四入禮盒|膳纖,0,0,0,0,0,0,0,0
膳纖|月餅,蟹殼黃,蟹殼黃|酥餅|單入|膳纖,0,0,0,0,0,0,0,0
膳纖|月餅,蟹殼黃,蟹殼黃|酥餅|四入禮盒|膳纖,0,0,0,0,0,0,0,0
膳纖|月餅,芋頭酥,芋頭酥|月餅|單入|膳纖,0,0,0,0,0,0,0,0
膳纖|月餅,芋頭酥,芋頭酥|月餅|四入禮盒|膳纖,0,0,0,0,0,0,0,0
膳纖|月餅,芋頭酥,芋頭蛋黃酥|月餅|單入|膳纖,0,0,0,0,0,0,0,0
膳纖|月餅,芋頭酥,芋頭蛋黃酥|月餅|四入禮盒|膳纖,0,0,0,0,0,0,0,0
膳纖|月餅,芋頭酥,芋頭麻糬酥|月餅|單入|膳纖,0,0,0,0,0,0,0,0
膳纖|月餅,芋頭酥,芋頭麻糬酥|月餅|四入禮盒|膳纖,0,0,0,0,0,0,0,0
膳纖|月餅,玫瑰花型月餅,玫瑰花型月餅|單入|膳纖,0,0,0,0,0,0,0,0
膳纖|月餅,玫瑰花型月餅,玫瑰花型月餅|四入禮盒|膳纖,0,0,0,0,0,0,0,0
膳纖|月餅,綠豆椪,咖哩綠豆椪|月餅|單入|膳纖,0,0,0,0,0,0,0,0
膳纖|月餅,綠豆椪,綠豆椪|月餅|單入|膳纖,0,0,0,0,0,0,0,0
膳纖|月餅,綠豆椪,綠豆椪|月餅|二入禮盒|膳纖,0,0,0,0,0,0,0,0
膳纖|月餅,綠豆椪,咖哩綠豆椪|月餅|二入禮盒|膳纖,0,0,0,0,0,0,0,0
膳纖|月餅,綠豆椪,綠豆椪|月餅|四入禮盒|膳纖,0,0,0,0,0,0,0,0
膳纖|月餅,綠豆椪,咖哩綠豆椪|月餅|四入禮盒|膳纖,0,0,0,0,0,0,0,0
膳纖|月餅,櫻花酥餅,櫻花酥餅|月餅|單入|膳纖,0,0,0,0,0,0,0,0
膳纖|月餅,櫻花酥餅,櫻花酥餅|月餅|六入禮盒|膳纖,0,0,0,0,0,0,0,0
膳纖|月餅,胭脂梅酥,胭脂梅酥餅|月餅|單入|膳纖,0,0,0,0,0,0,0,0
膳纖|月餅,胭脂梅酥,胭脂梅酥餅|月餅|四入禮盒|膳纖,0,0,0,0,0,0,0,0
膳纖|中式酥餅,蟹殼黃,蟹殼黃|酥餅|單入|膳纖,0,0,0,0,0,0,0,0
膳纖|中式酥餅,蟹殼黃,蟹殼黃|酥餅|四入禮盒|膳纖,0,0,0,0,0,0,0,0
膳纖|中式酥餅,蔥燒餅,原味蔥燒餅|膳纖,0,0,0,0,0,0,0,0
膳纖|中式酥餅,豆沙甜餅|膳纖,豆沙甜餅|膳纖,0,0,0,0,0,0,0,0
膳纖|中式酥餅,糖燒餅|膳纖,糖燒餅|膳纖,0,0,0,0,0,0,0,0
膳纖|中式酥餅,芝麻燒餅,芝麻燒餅|膳纖,0,0,0,0,0,0,0,0
膳纖水果酥,水果酥,鳳梨水果酥,0,0,0,0,0,0,0,0
膳纖水果酥,水果酥,草莓水果酥,0,0,0,0,0,0,0,0
膳纖水果酥,水果酥,藍莓水果酥,0,0,0,0,0,0,0,0
膳纖水果酥,水果酥,紅豆麻糬酥,0,0,0,0,0,0,0,0
膳纖水果酥,水果酥,哈密瓜水果酥,0,0,0,0,0,0,0,0
膳纖水果酥,水果酥,桑葚水果酥,0,0,0,0,0,0,0,0
膳纖水果酥,水果酥,芒果水果酥,0,0,0,0,0,0,0,0
膳纖水果酥,水果酥,水蜜桃酥水果酥,0,0,0,0,0,0,0,0
膳纖水果酥,水果酥,胭脂梅水果酥,0,0,0,0,0,0,0,0
膳纖水果酥,3Q乳酪酥,3Q手工乳酪酥|芋頭肉鬆,0,0,0,0,0,0,0,0
膳纖水果酥,4Q乳酪酥,3Q手工乳酪酥|芋紅豆肉鬆,0,0,0,0,0,0,0,0
膳纖水果酥,5Q乳酪酥,3Q手工乳酪酥|地瓜蛋黃,0,0,0,0,0,0,0,0
膳纖水果酥,6Q乳酪酥,3Q手工乳酪酥|鳳凰酥,0,0,0,0,0,0,0,0
膳纖水果酥,金沙水果酥,金沙水果酥|鳳梨,0,0,0,0,0,0,0,0
膳纖水果酥,金沙水果酥,金沙水果酥|花生,0,0,0,0,0,0,0,0
膳纖水果酥,金沙水果酥,金沙水果酥|紅豆,0,0,0,0,0,0,0,0
膳纖水果酥,金沙水果酥,金沙水果酥|芋頭,0,0,0,0,0,0,0,0
膳纖水果酥,茶酥,茶酥|花生,0,0,0,0,0,0,0,0
膳纖水果酥,茶酥,茶酥|鳳梨,0,0,0,0,0,0,0,0
膳纖水果酥,茶酥,茶酥|草莓,0,0,0,0,0,0,0,0
膳纖水果酥,茶酥,茶酥|藍莓,0,0,0,0,0,0,0,0
膳纖水果酥,茶酥,茶酥|紅豆麻糬,0,0,0,0,0,0,0,0
膳纖水果酥,茶酥,茶酥|哈密瓜,0,0,0,0,0,0,0,0
膳纖水果酥,茶酥,茶酥|桑葚,0,0,0,0,0,0,0,0
膳纖水果酥,茶酥,茶酥|水蜜桃,0,0,0,0,0,0,0,0
膳纖水果酥,茶酥,茶酥|胭脂梅,0,0,0,0,0,0,0,0
膳纖水果酥,茶酥,茶酥|芒果,0,0,0,0,0,0,0,0
甜點|中日韓港點心|冰粽,中港日韓甜點,芒果糯米滋|港式甜點,0,0,0,0,0,0,0,0
甜點|中日韓港點心|冰粽,中港日韓甜點,偽黑糖蕨餅|日式甜點,0,0,0,0,0,0,0,0
甜點|中日韓港點心|冰粽,中港日韓甜點,日式紅豆蕨餅|日式甜點,0,0,0,0,0,0,0,0
甜點|中日韓港點心|冰粽,中港日韓甜點,日式抹茶蕨餅|日式甜點,0,0,0,0,0,0,0,0
甜點|中日韓港點心|冰粽,中港日韓甜點,水蜜桃雪媚娘|日式甜點,0,0,0,0,0,0,0,0
甜點|中日韓港點心|冰粽,中港日韓甜點,紅豆冰皮月餅|日式甜點|膳纖,0,0,0,0,0,0,0,0
甜點|中日韓港點心|冰粽,中港日韓甜點,抹茶紅豆冰皮月餅|日式甜點|膳纖,0,0,0,0,0,0,0,0
甜點|中日韓港點心|冰粽,中港日韓甜點,梅子綠茶凍,0,0,0,0,0,0,0,0
甜點|中日韓港點心|冰粽,中港日韓甜點,紅豆日式無糖羊羹,0,0,0,0,0,0,0,0
甜點|中日韓港點心|冰粽,中港日韓甜點,三色丸子|花見糰子|日式甜點,0,0,0,0,0,0,0,0
甜點|中日韓港點心|冰粽,中港日韓甜點,白玉丸子|月見糰子|日式甜點,0,0,0,0,0,0,0,0
甜點|中日韓港點心|冰粽,中港日韓甜點,草莓大福|日式甜點,0,0,0,0,0,0,0,0
甜點|中日韓港點心|冰粽,中港日韓甜點,關東道林寺櫻餅|日式甜點,0,0,0,0,0,0,0,0
甜點|中日韓港點心|冰粽,中港日韓甜點,草莓小籠包|日式甜點|膳纖,0,0,0,0,0,0,0,0
甜點|中日韓港點心|冰粽,中港日韓甜點,草莓羊羹|日式甜點|膳纖,0,0,0,0,0,0,0,0
甜點|中日韓港點心|冰粽,中港日韓甜點,梅子綠茶凍,0,0,0,0,0,0,0,0
甜點|中日韓港點心|冰粽,膳纖|鹹甜包子,甜豆沙包|膳纖,0,0,0,0,0,0,0,0
甜點|中日韓港點心|冰粽,膳纖|鹹甜包子,甜芝麻包|膳纖,0,0,0,0,0,0,0,0
甜點|中日韓港點心|冰粽,膳纖|鹹甜包子,甜奶皇包|膳纖,0,0,0,0,0,0,0,0
甜點|中日韓港點心|冰粽,膳纖|鹹甜包子,甜芋頭包|膳纖,0,0,0,0,0,0,0,0
甜點|中日韓港點心|冰粽,甜冰粽,紅豆一口1卡日式冰粽,0,0,0,0,0,0,0,0
甜點|中日韓港點心|冰粽,甜冰粽,芋頭一口1卡日式冰粽,0,0,0,0,0,0,0,0
甜點|中日韓港點心|冰粽,甜冰粽,綠豆仁一口1卡日式冰粽,0,0,0,0,0,0,0,0
甜點|中日韓港點心|冰粽,甜冰粽,洛神花一口1卡日式冰粽,0,0,0,0,0,0,0,0
甜點|中日韓港點心|冰粽,甜冰粽,情人果一口1卡日式冰粽,0,0,0,0,0,0,0,0
甜點|中日韓港點心|冰粽,甜冰粽,鳳梨一口1卡日式冰粽,0,0,0,0,0,0,0,0
甜點|中日韓港點心|冰粽,甜冰粽,梅子一口1卡日式冰粽,0,0,0,0,0,0,0,0
甜點|中日韓港點心|冰粽,甜冰粽,百香果一口1卡日式冰粽,0,0,0,0,0,0,0,0
甜點|中日韓港點心|冰粽,甜冰粽,芒果一口1卡日式冰粽,0,0,0,0,0,0,0,0
醃漬水果|冰品,微醃漬品,手工鳳梨罐頭真空袋裝|異麥芽寡糖漬鳳梨|膳纖,0,0,0,0,0,0,0,0
醃漬水果|冰品,微醃漬品,赤藻糖醇薑片,0,0,0,0,0,0,0,0
醃漬水果|冰品,微醃漬品,異麥芽寡糖冰梅,0,0,0,0,0,0,0,0
醃漬水果|冰品,微醃漬品,異麥芽寡糖情人果,0,0,0,0,0,0,0,0
醃漬水果|冰品,微醃漬品,異麥芽寡糖釀梅,0,0,0,0,0,0,0,0
醃漬水果|冰品,微醃漬品,異麥芽寡糖梅露,0,0,0,0,0,0,0,0
醃漬水果|冰品,微醃漬品,異麥芽寡糖情人果冰,0,0,0,0,0,0,0,0
醃漬水果|冰品,冰品,紅豆剉冰料|膳纖,0,0,0,0,0,0,0,0
醃漬水果|冰品,冰品,花豆剉冰料|膳纖,0,0,0,0,0,0,0,0
醃漬水果|冰品,冰品,綠豆剉冰料|膳纖,0,0,0,0,0,0,0,0
醃漬水果|冰品,冰品,薏仁紅剉冰料|膳纖,0,0,0,0,0,0,0,0
醃漬水果|冰品,冰品,糯薏仁剉冰料|膳纖,0,0,0,0,0,0,0,0
醃漬水果|冰品,冰品,紅薏仁剉冰料|膳纖,0,0,0,0,0,0,0,0
冰淇淋蛋糕|慕斯蛋糕|提拉米蘇,提拉米蘇,經典提拉米蘇,0,0,0,0,0,0,0,0
冰淇淋蛋糕|慕斯蛋糕|提拉米蘇,提拉米蘇,無巧克力粉提拉米蘇,0,0,0,0,0,0,0,0
冰淇淋蛋糕|慕斯蛋糕|提拉米蘇,提拉米蘇,抹茶米蘇,0,0,0,0,0,0,0,0
冰淇淋蛋糕|慕斯蛋糕|提拉米蘇,提拉米蘇,小熊提拉米蘇禮盒,0,0,0,0,0,0,0,0
冰淇淋蛋糕|慕斯蛋糕|提拉米蘇,慕斯蛋糕,香蕉巧克力慕斯蛋糕,0,0,0,0,0,0,0,0
冰淇淋蛋糕|慕斯蛋糕|提拉米蘇,慕斯蛋糕,草莓慕斯蛋糕杯,0,0,0,0,0,0,0,0
冰淇淋蛋糕|慕斯蛋糕|提拉米蘇,慕斯蛋糕,桑葚慕斯蛋糕杯,0,0,0,0,0,0,0,0
冰淇淋蛋糕|慕斯蛋糕|提拉米蘇,慕斯蛋糕,芒果慕斯蛋糕杯,0,0,0,0,0,0,0,0
冰淇淋蛋糕|慕斯蛋糕|提拉米蘇,冰淇淋蛋糕,草莓冰淇淋蛋糕,0,0,0,0,0,0,0,0
冰淇淋蛋糕|慕斯蛋糕|提拉米蘇,冰淇淋蛋糕,香草莢冰淇淋蛋糕,0,0,0,0,0,0,0,0
冰淇淋蛋糕|慕斯蛋糕|提拉米蘇,冰淇淋蛋糕,巧克力冰淇淋蛋糕,0,0,0,0,0,0,0,0
冰淇淋蛋糕|慕斯蛋糕|提拉米蘇,冰淇淋蛋糕,咖啡冰淇淋蛋糕,0,0,0,0,0,0,0,0
冰淇淋蛋糕|慕斯蛋糕|提拉米蘇,冰淇淋蛋糕,紅豆冰淇淋蛋糕,0,0,0,0,0,0,0,0
冰淇淋蛋糕|慕斯蛋糕|提拉米蘇,冰淇淋蛋糕,芒果冰淇淋蛋糕,0,0,0,0,0,0,0,0
冰淇淋蛋糕|慕斯蛋糕|提拉米蘇,冰淇淋蛋糕,芋頭冰淇淋蛋糕,0,0,0,0,0,0,0,0
冰淇淋蛋糕|慕斯蛋糕|提拉米蘇,冰淇淋蛋糕,布丁巧克力冰淇淋蛋糕|小美,0,0,0,0,0,0,0,0
冰淇淋蛋糕|慕斯蛋糕|提拉米蘇,冰淇淋蛋糕,鳳梨冰淇淋蛋糕,0,0,0,0,0,0,0,0
冰淇淋蛋糕|慕斯蛋糕|提拉米蘇,冰淇淋蛋糕,鐵觀音冰淇淋蛋糕,0,0,0,0,0,0,0,0
水餃|鍋貼|餛飩|湯圓,膳纖湯圓,芝麻甜湯圓,0,0,0,0,0,0,0,0
水餃|鍋貼|餛飩|湯圓,膳纖湯圓,花生甜湯圓,0,0,0,0,0,0,0,0
水餃|鍋貼|餛飩|湯圓,膳纖湯圓,鮮肉湯圓,0,0,0,0,0,0,0,0
水餃|鍋貼|餛飩|湯圓,膳纖湯圓,芝心牛肉起士湯圓,0,0,0,0,0,0,0,0
水餃|鍋貼|餛飩|湯圓,膳纖湯圓,芝心豬肉起士湯圓,0,0,0,0,0,0,0,0
水餃|鍋貼|餛飩|湯圓,膳纖湯圓,紅豆流沙甜湯圓,0,0,0,0,0,0,0,0
水餃|鍋貼|餛飩|湯圓,膳纖湯圓,芝麻流沙甜湯圓,0,0,0,0,0,0,0,0
水餃|鍋貼|餛飩|湯圓,膳纖湯圓,花生流沙甜湯圓,0,0,0,0,0,0,0,0
水餃|鍋貼|餛飩|湯圓,膳纖|水餃|鍋貼|餛飩,菜肉手工餛飩|膳纖,0,0,0,0,0,0,0,0
水餃|鍋貼|餛飩|湯圓,膳纖|水餃|鍋貼|餛飩,高麗菜手工水餃|膳纖,0,0,0,0,0,0,0,0
水餃|鍋貼|餛飩|湯圓,膳纖|水餃|鍋貼|餛飩,韭菜手工水餃|膳纖,0,0,0,0,0,0,0,0
水餃|鍋貼|餛飩|湯圓,膳纖|水餃|鍋貼|餛飩,鮮蝦手工水餃|膳纖,0,0,0,0,0,0,0,0
水餃|鍋貼|餛飩|湯圓,膳纖|水餃|鍋貼|餛飩,玉米雞肉手工水餃|膳纖,0,0,0,0,0,0,0,0
水餃|鍋貼|餛飩|湯圓,膳纖|水餃|鍋貼|餛飩,韓式泡菜雞肉手工水餃|膳纖,0,0,0,0,0,0,0,0
水餃|鍋貼|餛飩|湯圓,膳纖|水餃|鍋貼|餛飩,泰式打拋豬肉手工水餃|膳纖,0,0,0,0,0,0,0,0
水餃|鍋貼|餛飩|湯圓,膳纖|水餃|鍋貼|餛飩,麻辣牛肉手工水餃|膳纖,0,0,0,0,0,0,0,0
水餃|鍋貼|餛飩|湯圓,膳纖|水餃|鍋貼|餛飩,雪裡紅豬肉手工水餃|膳纖,0,0,0,0,0,0,0,0
水餃|鍋貼|餛飩|湯圓,膳纖|水餃|鍋貼|餛飩,高麗菜豬肉手工鍋貼|膳纖,0,0,0,0,0,0,0,0
水餃|鍋貼|餛飩|湯圓,膳纖|水餃|鍋貼|餛飩,韭菜豬肉手工鍋貼|膳纖,0,0,0,0,0,0,0,0
水餃|鍋貼|餛飩|湯圓,膳纖|水餃|鍋貼|餛飩,麻辣牛肉手工鍋貼|膳纖,0,0,0,0,0,0,0,0
水餃|鍋貼|餛飩|湯圓,千張|鍋貼|火鍋餃,海鮮港式春捲|千張,0,0,0,0,0,0,0,0
水餃|鍋貼|餛飩|湯圓,千張|鍋貼|火鍋餃,鮮肉燒賣|千張,0,0,0,0,0,0,0,0
水餃|鍋貼|餛飩|湯圓,千張|鍋貼|火鍋餃,鮮蝦燒賣|千張,0,0,0,0,0,0,0,0
水餃|鍋貼|餛飩|湯圓,千張|鍋貼|火鍋餃,魚餃|千張,0,0,0,0,0,0,0,0
水餃|鍋貼|餛飩|湯圓,千張|鍋貼|火鍋餃,燕餃|千張,0,0,0,0,0,0,0,0
水餃|鍋貼|餛飩|湯圓,千張|鍋貼|火鍋餃,花枝餃|千張,0,0,0,0,0,0,0,0
水餃|鍋貼|餛飩|湯圓,千張|鍋貼|火鍋餃,蝦餃|千張,0,0,0,0,0,0,0,0
水餃|鍋貼|餛飩|湯圓,千張|鍋貼|火鍋餃,泰式打拋豬燕餃|千張,0,0,0,0,0,0,0,0
水餃|鍋貼|餛飩|湯圓,千張|鍋貼|火鍋餃,高麗菜豬肉鍋貼|千張,0,0,0,0,0,0,0,0
水餃|鍋貼|餛飩|湯圓,千張|鍋貼|火鍋餃,韓式泡菜雞肉鍋貼|千張,0,0,0,0,0,0,0,0
水餃|鍋貼|餛飩|湯圓,千張|鍋貼|火鍋餃,麻辣牛肉鍋貼|千張,0,0,0,0,0,0,0,0
水餃|鍋貼|餛飩|湯圓,千張|鍋貼|火鍋餃,韭菜豬肉鍋貼|千張,0,0,0,0,0,0,0,0
包子|鹹餡餅,膳纖|餡餅,手工咖哩餃|膳纖,0,0,0,0,0,0,0,0
包子|鹹餡餅,膳纖|餡餅,蟹殼黃|酥餅|單入|膳纖,0,0,0,0,0,0,0,0
包子|鹹餡餅,膳纖|餡餅,蟹殼黃|酥餅|4入禮盒|膳纖,0,0,0,0,0,0,0,0
包子|鹹餡餅,膳纖|餡餅,芝麻燒餅|膳纖,0,0,0,0,0,0,0,0
包子|鹹餡餅,膳纖|餡餅,甜豆沙包|膳纖,0,0,0,0,0,0,0,0
包子|鹹餡餅,膳纖|餡餅,豆沙甜餅|膳纖,0,0,0,0,0,0,0,0
包子|鹹餡餅,膳纖|餡餅,糖燒餅|膳纖,0,0,0,0,0,0,0,0
包子|鹹餡餅,膳纖|餡餅,蔥油餅|膳纖,0,0,0,0,0,0,0,0
包子|鹹餡餅,膳纖|餡餅,原味蔥燒餅|膳纖,0,0,0,0,0,0,0,0
包子|鹹餡餅,膳纖|餡餅,手工叉燒酥|膳纖,0,0,0,0,0,0,0,0
包子|鹹餡餅,膳纖|餡餅,鹹台式菜盒子|膳纖,0,0,0,0,0,0,0,0
包子|鹹餡餅,膳纖|鹹甜包子,手工五色小籠包|膳纖,0,0,0,0,0,0,0,0
包子|鹹餡餅,膳纖|鹹甜包子,手工港式叉燒包|膳纖,0,0,0,0,0,0,0,0
包子|鹹餡餅,膳纖|鹹甜包子,甜芝麻包|膳纖,0,0,0,0,0,0,0,0
包子|鹹餡餅,膳纖|鹹甜包子,甜奶皇包|膳纖,0,0,0,0,0,0,0,0
包子|鹹餡餅,膳纖|鹹甜包子,甜芋頭包|膳纖,0,0,0,0,0,0,0,0
包子|鹹餡餅,膳纖|鹹甜包子,高麗菜香菇肉包|膳纖,0,0,0,0,0,0,0,0
包子|鹹餡餅,膳纖|鹹甜包子,泰式打拋豬肉包|膳纖,0,0,0,0,0,0,0,0
包子|鹹餡餅,膳纖|鹹甜包子,咖哩豬肉包|膳纖,0,0,0,0,0,0,0,0
包子|鹹餡餅,膳纖|鹹甜包子,蛋黃五香蔥肉包|膳纖,0,0,0,0,0,0,0,0
包子|鹹餡餅,膳纖|鹹甜包子,椒麻牛肉包|膳纖,0,0,0,0,0,0,0,0
包子|鹹餡餅,膳纖|鹹甜包子,櫻花豆沙包|膳纖,0,0,0,0,0,0,0,0
包子|鹹餡餅,膳纖|鹹甜餡餅,豬肉手工胡椒餅,0,0,0,0,0,0,0,0
包子|鹹餡餅,膳纖|鹹甜餡餅,牛肉手工胡椒餅,0,0,0,0,0,0,0,0
中港點心|中式米食,包子餡餅詐包,蔥花鹹詐包|麥麩皮,0,0,0,0,0,0,0,0
中港點心|中式米食,包子餡餅詐包,高麗菜鹹詐包|麥麩皮,0,0,0,0,0,0,0,0
中港點心|中式米食,包子餡餅詐包,韭菜鹹詐包|麥麩皮,0,0,0,0,0,0,0,0
中港點心|中式米食,包子餡餅詐包,筍絲鹹詐包|麥麩皮,0,0,0,0,0,0,0,0
中港點心|中式米食,包子餡餅詐包,蘿蔔絲鹹詐包|麥麩皮,0,0,0,0,0,0,0,0
中港點心|中式米食,包子餡餅詐包,酸菜包鹹詐包|麥麩皮,0,0,0,0,0,0,0,0
中港點心|中式米食,包子餡餅詐包,雪裡紅鹹詐包|麥麩皮,0,0,0,0,0,0,0,0
中港點心|中式米食,包子餡餅詐包,起士鹹詐包|麥麩皮,0,0,0,0,0,0,0,0
中港點心|中式米食,包子餡餅詐包,韭黃鹹詐包|麥麩皮,0,0,0,0,0,0,0,0
中港點心|中式米食,包子餡餅詐包,胡椒鹹詐包|麥麩皮,0,0,0,0,0,0,0,0
中港點心|中式米食,包子餡餅詐包,豬肉胡椒包|麥麩皮,0,0,0,0,0,0,0,0
中港點心|中式米食,包子餡餅詐包,豬肉爆漿胡椒包|麥麩皮,0,0,0,0,0,0,0,0
中港點心|中式米食,包子餡餅詐包,牛肉胡椒包|麥麩皮,0,0,0,0,0,0,0,0
中港點心|中式米食,包子餡餅詐包,牛肉爆漿胡椒包|麥麩皮,0,0,0,0,0,0,0,0
中港點心|中式米食,包子餡餅詐包,麥麩皮叉燒包,0,0,0,0,0,0,0,0
中港點心|中式米食,包子餡餅詐包,麥麩皮咖哩包,0,0,0,0,0,0,0,0
中港點心|中式米食,包子餡餅詐包,芝麻球,0,0,0,0,0,0,0,0
中港點心|中式米食,包子餡餅詐包,海棠粿,0,0,0,0,0,0,0,0
中港點心|中式米食,膳纖|餅皮,潤餅皮,0,0,0,0,0,0,0,0
中港點心|中式米食,膳纖|餅皮,蔥油餅|膳纖,0,0,0,0,0,0,0,0
中港點心|中式米食,膳纖|餅皮,蔥花蔥油餅|麥麩皮,0,0,0,0,0,0,0,0
中港點心|中式米食,膳纖|餅皮,原味鹹麥麩皮餅|麥麩皮,0,0,0,0,0,0,0,0
中港點心|中式米食,膳纖|餅皮,原味甜麥麩皮餅|麥麩皮,0,0,0,0,0,0,0,0
中港點心|中式米食,膳纖|餅皮,花椰菜米原味餅皮,0,0,0,0,0,0,0,0
中港點心|中式米食,膳纖|餅皮,花椰菜米蔥油餅皮,0,0,0,0,0,0,0,0
中港點心|中式米食,中台港式點心|糕點,六色發糕禮盒,0,0,0,0,0,0,0,0
中港點心|中式米食,中台港式點心|糕點,三色發糕禮盒,0,0,0,0,0,0,0,0
中港點心|中式米食,中台港式點心|糕點,港式馬來糕,0,0,0,0,0,0,0,0
中港點心|中式米食,中台港式點心|糕點,偽黑糖年糕,0,0,0,0,0,0,0,0
中港點心|中式米食,中台港式點心|糕點,紅豆年糕,0,0,0,0,0,0,0,0
中港點心|中式米食,中台港式點心|糕點,韓國麵包|韓式甜點,0,0,0,0,0,0,0,0
中港點心|中式米食,中台港式點心|糕點,花椰菜米手工鱈魚香絲,0,0,0,0,0,0,0,0
中港點心|中式米食,中台港式點心|千張,海鮮港式春捲|千張,0,0,0,0,0,0,0,0
中港點心|中式米食,中台港式點心|千張,鮮肉燒賣|千張,0,0,0,0,0,0,0,0
中港點心|中式米食,中台港式點心|千張,鮮蝦燒賣|千張,0,0,0,0,0,0,0,0
中港點心|中式米食,中台港式點心|千張,魚餃|千張,0,0,0,0,0,0,0,0
中港點心|中式米食,中台港式點心|千張,燕餃|千張,0,0,0,0,0,0,0,0
中港點心|中式米食,中台港式點心|千張,花枝餃|千張,0,0,0,0,0,0,0,0
中港點心|中式米食,中台港式點心|千張,蝦餃|千張,0,0,0,0,0,0,0,0
中港點心|中式米食,中台港式點心|千張,泰式打拋豬燕餃|千張,0,0,0,0,0,0,0,0
中港點心|中式米食,中台港式點心|千張,高麗菜豬肉鍋貼|千張,0,0,0,0,0,0,0,0
中港點心|中式米食,中台港式點心|千張,韓式泡菜雞肉鍋貼|千張,0,0,0,0,0,0,0,0
中港點心|中式米食,中台港式點心|千張,麻辣牛肉鍋貼|千張,0,0,0,0,0,0,0,0
中港點心|中式米食,中台港式點心|千張,韭菜豬肉鍋貼|千張,0,0,0,0,0,0,0,0
中港點心|中式米食,中台港式點心|麥麩皮,麥麩皮叉燒包,0,0,0,0,0,0,0,0
中港點心|中式米食,中台港式點心|麥麩皮,麥麩皮咖哩包,0,0,0,0,0,0,0,0
中港點心|中式米食,中台港式點心|麥麩皮,芝麻球,0,0,0,0,0,0,0,0
中港點心|中式米食,中台港式點心|麥麩皮,芋香海棠粿,0,0,0,0,0,0,0,0
中港點心|中式米食,中台港式點心|米食,肉圓,0,0,0,0,0,0,0,0
中港點心|中式米食,中台港式點心|米食,客家粿粽,0,0,0,0,0,0,0,0
中港點心|中式米食,中台港式點心|米食,草仔粿粽,0,0,0,0,0,0,0,0
中港點心|中式米食,中台港式點心|米食,花生偽米粽,0,0,0,0,0,0,0,0
中港點心|中式米食,中台港式點心|米食,水晶粽,0,0,0,0,0,0,0,0
中港點心|中式米食,中台港式點心|米食,手工碗糕,0,0,0,0,0,0,0,0
中港點心|中式米食,中台港式點心|米食,港式蘿蔔糕|膳纖,0,0,0,0,0,0,0,0
中港點心|中式米食,中台港式點心|米食,台式蘿蔔糕|膳纖,0,0,0,0,0,0,0,0
中港點心|中式米食,膳纖|中台港式點心|麵食,手工叉燒酥|膳纖,0,0,0,0,0,0,0,0
中港點心|中式米食,膳纖|中台港式點心|麵食,蟹殼黃|酥餅|單入|膳纖,0,0,0,0,0,0,0,0
中港點心|中式米食,膳纖|中台港式點心|麵食,蟹殼黃|酥餅|四入禮盒|膳纖,0,0,0,0,0,0,0,0
中港點心|中式米食,膳纖|中台港式點心|麵食,椒麻牛肉包|膳纖,0,0,0,0,0,0,0,0
中港點心|中式米食,膳纖|中台港式點心|麵食,蛋黃五香蔥肉包|膳纖,0,0,0,0,0,0,0,0
中港點心|中式米食,膳纖|中台港式點心|麵食,咖哩豬肉包|膳纖,0,0,0,0,0,0,0,0
中港點心|中式米食,膳纖|中台港式點心|麵食,鹹手工咖哩餃|膳纖,0,0,0,0,0,0,0,0
中港點心|中式米食,膳纖|中台港式點心|麵食,泰式打拋豬肉包|膳纖,0,0,0,0,0,0,0,0
中港點心|中式米食,膳纖|中台港式點心|麵食,高麗菜香菇肉包|膳纖,0,0,0,0,0,0,0,0
中港點心|中式米食,膳纖|中台港式點心|麵食,草莓小籠包|日式甜點|膳纖,0,0,0,0,0,0,0,0
中港點心|中式米食,膳纖|中台港式點心|麵食,牛肉手工胡椒餅,0,0,0,0,0,0,0,0
中港點心|中式米食,膳纖|中台港式點心|麵食,豬肉手工胡椒餅,0,0,0,0,0,0,0,0
中港點心|中式米食,膳纖|中台港式點心|麵食,手工五色小籠包|膳纖,0,0,0,0,0,0,0,0
中港點心|中式米食,粽子,百卡粽,0,0,0,0,0,0,0,0
中港點心|中式米食,粽子,蛋黃百卡粽,0,0,0,0,0,0,0,0
中港點心|中式米食,粽子,水晶粽,0,0,0,0,0,0,0,0
中港點心|中式米食,粽子,花生偽米粽,0,0,0,0,0,0,0,0
中港點心|中式米食,粽子,客家粿粽,0,0,0,0,0,0,0,0
中港點心|中式米食,粽子,草仔粿粽,0,0,0,0,0,0,0,0
熟食|豆渣系列,豆渣|肉品,豬肉豆渣漢堡肉排,0,0,0,0,0,0,0,0
熟食|豆渣系列,豆渣|肉品,雞肉豆渣漢堡肉排,0,0,0,0,0,0,0,0
熟食|豆渣系列,豆渣|肉品,牛肉豆渣漢堡肉排,0,0,0,0,0,0,0,0
熟食|豆渣系列,豆渣|肉品,辣味雞肉豆渣漢堡肉排,0,0,0,0,0,0,0,0
熟食|豆渣系列,豆渣丸子,獅子頭風味丸,0,0,0,0,0,0,0,0
熟食|豆渣系列,豆渣丸子,韓式泡菜雞肉丸,0,0,0,0,0,0,0,0
熟食|豆渣系列,豆渣丸子,義式辣雞肉丸,0,0,0,0,0,0,0,0
熟食|豆渣系列,豆渣丸子,瑞典牛肉丸,0,0,0,0,0,0,0,0
熟食|豆渣系列,豆渣丸子,義式牛肉丸,0,0,0,0,0,0,0,0
熟食|豆渣系列,豆渣丸子,撒尿牛肉丸,0,0,0,0,0,0,0,0
熟食|豆渣系列,豆渣丸子,豆渣魚丸,0,0,0,0,0,0,0,0
熟食|豆渣系列,豆渣丸子,豆渣貢丸,0,0,0,0,0,0,0,0
熟食|豆渣系列,豆渣丸子,豆渣蝦丸,0,0,0,0,0,0,0,0
熟食|豆渣系列,豆渣丸子,豆渣花枝丸,0,0,0,0,0,0,0,0
熟食|豆渣系列,麥麩皮|詐物系列,麥克雞塊,0,0,0,0,0,0,0,0
熟食|豆渣系列,麥麩皮|詐物系列,比臉大詐雞排,0,0,0,0,0,0,0,0
熟食|豆渣系列,麥麩皮|詐物系列,詐雞丸子,0,0,0,0,0,0,0,0
熟食|豆渣系列,麥麩皮|詐物系列,詐雞排,0,0,0,0,0,0,0,0
熟食|豆渣系列,麥麩皮|詐物系列,詐鹹酥雞,0,0,0,0,0,0,0,0
熟食|豆渣系列,麥麩皮|詐物系列,咔拉脆雞,0,0,0,0,0,0,0,0
熟食|代飯|豆豆飯|花椰菜米,豆豆飯系列,豬肉豆豆炒飯|膳纖,0,0,0,0,0,0,0,0
熟食|代飯|豆豆飯|花椰菜米,豆豆飯系列,雞肉豆豆炒飯|膳纖,0,0,0,0,0,0,0,0
熟食|代飯|豆豆飯|花椰菜米,豆豆飯系列,牛肉豆豆炒飯|膳纖,0,0,0,0,0,0,0,0
熟食|代飯|豆豆飯|花椰菜米,豆豆飯系列,豆豆飯|膳纖,0,0,0,0,0,0,0,0
熟食|代飯|豆豆飯|花椰菜米,豆豆飯系列,大胃王飯,0,0,0,0,0,0,0,0
熟食|代飯|豆豆飯|花椰菜米,花椰菜米粥,皮蛋瘦肉花椰菜米粥,0,0,0,0,0,0,0,0
熟食|代飯|豆豆飯|花椰菜米,花椰菜米粥,香菇雞肉花椰菜米粥,0,0,0,0,0,0,0,0
熟食|代飯|豆豆飯|花椰菜米,花椰菜米粥,海鮮花椰菜米粥,0,0,0,0,0,0,0,0
熟食|代飯|豆豆飯|花椰菜米,花椰菜米餅皮,花椰菜米原味餅皮,0,0,0,0,0,0,0,0
熟食|代飯|豆豆飯|花椰菜米,花椰菜米餅皮,花椰菜米蔥油餅皮,0,0,0,0,0,0,0,0
熟食|代飯|豆豆飯|花椰菜米,花椰菜米PIZZA,夏威夷花椰菜米PIZZA,0,0,0,0,0,0,0,0
熟食|代飯|豆豆飯|花椰菜米,花椰菜米PIZZA,義式肉醬花椰菜米PIZZA,0,0,0,0,0,0,0,0
熟食|代飯|豆豆飯|花椰菜米,花椰菜米PIZZA,青醬雞肉花椰菜米PIZZA,0,0,0,0,0,0,0,0
熟食|代飯|豆豆飯|花椰菜米,花椰菜米PIZZA,白醬海鮮花椰菜米PIZZA,0,0,0,0,0,0,0,0
熟食|代飯|豆豆飯|花椰菜米,花椰菜米PIZZA,壽喜燒花椰菜米PIZZA,0,0,0,0,0,0,0,0
熟食|代飯|豆豆飯|花椰菜米,花椰菜米PIZZA,泰式打拋豬花椰菜米PIZZA,0,0,0,0,0,0,0,0
熟食|代飯|豆豆飯|花椰菜米,花椰菜米炒飯,蝦仁蛋炒花椰菜蛋炒飯,0,0,0,0,0,0,0,0
熟食|代飯|豆豆飯|花椰菜米,花椰菜米炒飯,日式番茄花椰菜蛋炒飯,0,0,0,0,0,0,0,0
熟食|代飯|豆豆飯|花椰菜米,花椰菜米炒飯,揚州臘腸花椰菜蛋炒飯,0,0,0,0,0,0,0,0
熟食|代飯|豆豆飯|花椰菜米,花椰菜米炒飯,鮪魚彩蔬花椰菜蛋炒飯,0,0,0,0,0,0,0,0
熟食|代飯|豆豆飯|花椰菜米,花椰菜米炒飯,經典豬花椰菜蛋炒飯,0,0,0,0,0,0,0,0
熟食|代飯|豆豆飯|花椰菜米,花椰菜米炒飯,胡椒雞花椰菜蛋炒飯,0,0,0,0,0,0,0,0
熟食|代飯|豆豆飯|花椰菜米,花椰菜米炒飯,歐式牛肉花椰菜蛋炒飯,0,0,0,0,0,0,0,0
熟食|代飯|豆豆飯|花椰菜米,花椰菜米炒飯,鄉村午餐肉花椰菜蛋炒飯,0,0,0,0,0,0,0,0
熟食|代飯|豆豆飯|花椰菜米,花椰菜米粽子,花生偽米粽,0,0,0,0,0,0,0,0
熟食|調理包,加熱食品,糖醋雞肉調理包,0,0,0,0,0,0,0,0
熟食|調理包,加熱食品,南洋咖哩雞肉調理包,0,0,0,0,0,0,0,0
熟食|調理包,加熱食品,赤藻糖醇紅豆湯|膳纖,0,0,0,0,0,0,0,0
熟食|調理包,加熱食品,沙茶豬肉熱炒調理包,0,0,0,0,0,0,0,0
熟食|調理包,加熱食品,韭菜蒼蠅頭熱炒調理包,0,0,0,0,0,0,0,0
熟食|調理包,加熱食品,宮保雞丁熱炒調理包,0,0,0,0,0,0,0,0
熟食|調理包,加熱食品,泰式打拋豬熱炒調理包,0,0,0,0,0,0,0,0
熟食|調理包,加熱食品,四川麻婆豆腐調理包,0,0,0,0,0,0,0,0
熟食|調理包,加熱食品,胭脂梅排骨調理包,0,0,0,0,0,0,0,0
熟食|調理包,加熱食品,泰式紅咖哩雞豆腐調理包,0,0,0,0,0,0,0,0
熟食|調理包,加熱食品,泰式綠咖哩雞豆腐調理包微,0,0,0,0,0,0,0,0
熟食|調理包,加熱食品,日式親子丼調理包,0,0,0,0,0,0,0,0
熟食|調理包,加熱食品,日式板豆腐歐姆蛋,0,0,0,0,0,0,0,0
熟食|調理包,加熱食品,紅燒牛腩調理包,0,0,0,0,0,0,0,0
熟食|調理包,加熱食品,筍絲燒肉調理包,0,0,0,0,0,0,0,0
熟食|滷味,熟食|滷味,滷海帶,0,0,0,0,0,0,0,0
熟食|滷味,熟食|滷味,滷小腿,0,0,0,0,0,0,0,0
熟食|滷味,熟食|滷味,原味滷雞翅,0,0,0,0,0,0,0,0
熟食|滷味,熟食|滷味,胭脂梅雞翅,0,0,0,0,0,0,0,0
熟食|滷味,熟食|滷味,滷豆乾|膳纖,0,0,0,0,0,0,0,0
熟食|滷味,熟食|滷味,滷雞胗,0,0,0,0,0,0,0,0
熟食|滷味,熟食|滷味,滷雞排醬包,0,0,0,0,0,0,0,0
熟食|滷味,熟食|滷味,滷雞爪,0,0,0,0,0,0,0,0
熟食|滷味,熟食|滷味,滷雞軟骨,0,0,0,0,0,0,0,0
熟食|年菜,熟食|年菜,蜜汁火腿,0,0,0,0,0,0,0,0
熟食|年菜,熟食|年菜,夾片吐司|膳纖,0,0,0,0,0,0,0,0
熟食|年菜,熟食|年菜,佛跳牆,0,0,0,0,0,0,0,0
熟食|年菜,熟食|年菜,東坡肉,0,0,0,0,0,0,0,0
熟食|正餐,正餐,酸辣魚翅冬粉羹,0,0,0,0,0,0,0,0
熟食|正餐,正餐,肉羹魚翅冬粉煲,0,0,0,0,0,0,0,0
熟食|正餐,正餐,牛肉湯魚翅冬粉|正餐,0,0,0,0,0,0,0,0
熟食|正餐,正餐,泰式紅咖哩雞豆腐燴吐司,0,0,0,0,0,0,0,0
熟食|正餐,正餐,泰式綠咖哩雞豆腐燴吐司,0,0,0,0,0,0,0,0
熟食|正餐,正餐,紅燒牛腩燴吐司,0,0,0,0,0,0,0,0
膳纖鹹甜餅乾棒,甜餅乾棒,可可甜餅乾棒,0,0,0,0,0,0,0,0
膳纖鹹甜餅乾棒,甜餅乾棒,咖啡甜餅乾棒,0,0,0,0,0,0,0,0
膳纖鹹甜餅乾棒,甜餅乾棒,椰子甜餅乾棒,0,0,0,0,0,0,0,0
膳纖鹹甜餅乾棒,甜餅乾棒,抹茶甜餅乾棒,0,0,0,0,0,0,0,0
膳纖鹹甜餅乾棒,甜餅乾棒,葡萄甜餅乾棒,0,0,0,0,0,0,0,0
膳纖鹹甜餅乾棒,甜餅乾棒,芝麻甜餅乾棒,0,0,0,0,0,0,0,0
膳纖鹹甜餅乾棒,甜餅乾棒,花生甜餅乾棒,0,0,0,0,0,0,0,0
膳纖鹹甜餅乾棒,甜餅乾棒,黑豆甜餅乾棒,0,0,0,0,0,0,0,0
膳纖鹹甜餅乾棒,鹹餅乾棒,原味鹹餅乾棒,0,0,0,0,0,0,0,0
膳纖鹹甜餅乾棒,鹹餅乾棒,海苔鹹餅乾棒,0,0,0,0,0,0,0,0
膳纖鹹甜餅乾棒,鹹餅乾棒,義式蕃茄鹹餅乾棒,0,0,0,0,0,0,0,0
膳纖鹹甜餅乾棒,鹹餅乾棒,香蔥雞汁鹹餅乾棒,0,0,0,0,0,0,0,0
膳纖鹹甜餅乾棒,鹹餅乾棒,鹹酥雞鹹餅乾棒,0,0,0,0,0,0,0,0
膳纖鹹甜餅乾棒,鹹餅乾棒,椒麻鹹餅乾棒,0,0,0,0,0,0,0,0
膳纖鹹甜餅乾棒,鹹餅乾棒,辣起士鹹餅乾棒,0,0,0,0,0,0,0,0
膳纖大塊餅乾,厚味系大塊餅乾,蒜香餅乾大塊餅乾,0,0,0,0,0,0,0,0
膳纖大塊餅乾,厚味系大塊餅乾,雞汁口味大塊餅乾,0,0,0,0,0,0,0,0
膳纖大塊餅乾,厚味系大塊餅乾,蝦味鮮口味大塊餅乾,0,0,0,0,0,0,0,0
膳纖大塊餅乾,厚味系大塊餅乾,辣味墨西哥起士口味大塊餅乾,0,0,0,0,0,0,0,0
膳纖大塊餅乾,厚味系大塊餅乾,品喀洋蔥洋芋口味大塊餅乾,0,0,0,0,0,0,0,0
膳纖大塊餅乾,厚味系大塊餅乾,奇哆雙倍起士口味大塊餅乾,0,0,0,0,0,0,0,0
膳纖大塊餅乾,厚味系大塊餅乾,玉米濃湯口味大塊餅乾,0,0,0,0,0,0,0,0
膳纖大塊餅乾,厚味系大塊餅乾,韓式泡菜口味大塊餅乾,0,0,0,0,0,0,0,0
膳纖大塊餅乾,厚味系大塊餅乾,數格格奶焗洋蔥口味大塊餅乾,0,0,0,0,0,0,0,0
膳纖大塊餅乾,厚味系大塊餅乾,芥末口味大塊餅乾,0,0,0,0,0,0,0,0
膳纖大塊餅乾,厚味系大塊餅乾,義式PIZZA口味大塊餅乾,0,0,0,0,0,0,0,0
膳纖大塊餅乾,厚味系大塊餅乾,大人芥末口味大塊餅乾,0,0,0,0,0,0,0,0
膳纖大塊餅乾,厚味系大塊餅乾,生魚片口味大塊餅乾,0,0,0,0,0,0,0,0
膳纖大塊餅乾,厚味系大塊餅乾,海苔醬燒口味大塊餅乾,0,0,0,0,0,0,0,0
膳纖大塊餅乾,厚味系大塊餅乾,章魚燒口味大塊餅乾,0,0,0,0,0,0,0,0
膳纖大塊餅乾,厚味系大塊餅乾,真魷味口味大塊餅乾,0,0,0,0,0,0,0,0
膳纖大塊餅乾,厚味系大塊餅乾,金沙鹹蛋黃口味大塊餅乾,0,0,0,0,0,0,0,0
膳纖大塊餅乾,厚味系大塊餅乾,菜脯餅口味大塊餅乾,0,0,0,0,0,0,0,0
膳纖大塊餅乾,厚味系大塊餅乾,鹹花生口味大塊餅乾,0,0,0,0,0,0,0,0
膳纖大塊餅乾,厚味系大塊餅乾,紐奧良口味大塊餅乾,0,0,0,0,0,0,0,0
膳纖大塊餅乾,混味系大塊餅乾,三味芥末綜合包大塊餅乾,0,0,0,0,0,0,0,0
膳纖大塊餅乾,混味系大塊餅乾,唐蝦雞綜合包大塊餅乾,0,0,0,0,0,0,0,0
膳纖大塊餅乾,混味系大塊餅乾,唐蒜墨綜合包大塊餅乾,0,0,0,0,0,0,0,0
膳纖大塊餅乾,混味系大塊餅乾,唐日韓綜合包大塊餅乾,0,0,0,0,0,0,0,0
膳纖大塊餅乾,混味系大塊餅乾,唐燒燒綜合包大塊餅乾,0,0,0,0,0,0,0,0
膳纖大塊餅乾,混味系大塊餅乾,唐洋洋綜合包大塊餅乾,0,0,0,0,0,0,0,0
膳纖大塊餅乾,混味系大塊餅乾,唐起士綜合包大塊餅乾,0,0,0,0,0,0,0,0
膳纖擠花餅乾,甜擠花餅乾,花生乳酪擠花餅乾,0,0,0,0,0,0,0,0
膳纖擠花餅乾,甜擠花餅乾,可可乳酪擠花餅乾,0,0,0,0,0,0,0,0
膳纖擠花餅乾,甜擠花餅乾,椰子乳酪擠花餅乾,0,0,0,0,0,0,0,0
膳纖擠花餅乾,甜擠花餅乾,伯爵乳酪擠花餅乾,0,0,0,0,0,0,0,0
膳纖擠花餅乾,甜擠花餅乾,抹茶乳酪擠花餅乾,0,0,0,0,0,0,0,0
膳纖擠花餅乾,甜擠花餅乾,芝麻乳酪擠花餅乾,0,0,0,0,0,0,0,0
膳纖擠花餅乾,甜擠花餅乾,咖啡乳酪擠花餅乾,0,0,0,0,0,0,0,0
膳纖擠花餅乾,甜擠花餅乾,原味乳酪擠花餅乾,0,0,0,0,0,0,0,0
膳纖擠花餅乾,甜擠花餅乾,牛奶糖乳酪擠花餅乾,0,0,0,0,0,0,0,0
膳纖擠花餅乾,甜擠花餅乾,吉拿棒乳酪擠花餅乾,0,0,0,0,0,0,0,0
膳纖擠花餅乾,甜擠花餅乾,雞蛋布丁乳酪擠花餅乾,0,0,0,0,0,0,0,0
膳纖擠花餅乾,甜擠花餅乾,阿薩姆奶茶乳酪擠花餅乾,0,0,0,0,0,0,0,0
膳纖擠花餅乾,甜擠花餅乾,焦糖瑪奇朵擠花餅乾,0,0,0,0,0,0,0,0
膳纖擠花餅乾,甜擠花餅乾,紅豆擠花餅乾,0,0,0,0,0,0,0,0
膳纖擠花餅乾,甜擠花餅乾,芋頭擠花餅乾,0,0,0,0,0,0,0,0
膳纖擠花餅乾,甜擠花餅乾,烏龍茶擠花餅乾,0,0,0,0,0,0,0,0
膳纖擠花餅乾,甜擠花餅乾,焙茶擠花餅乾,0,0,0,0,0,0,0,0
膳纖擠花餅乾,甜擠花餅乾,鐵觀音擠花餅乾,0,0,0,0,0,0,0,0
膳纖擠花餅乾,甜擠花餅乾,香草夏威夷擠花餅乾,0,0,0,0,0,0,0,0
膳纖擠花餅乾,甜擠花餅乾,提拉米蘇擠花餅乾,0,0,0,0,0,0,0,0
膳纖擠花餅乾,甜擠花餅乾,四季春擠花餅乾,0,0,0,0,0,0,0,0
膳纖擠花餅乾,鹹|辣擠花餅乾,鹹味乳酪擠花餅乾,0,0,0,0,0,0,0,0
膳纖擠花餅乾,鹹|辣擠花餅乾,辣味乳酪擠花餅乾,0,0,0,0,0,0,0,0
膳纖擠花餅乾,鹹|辣擠花餅乾,階梯辣乳酪擠花餅乾,0,0,0,0,0,0,0,0
膳纖擠花餅乾,鹹|辣擠花餅乾,香辣乳酪擠花餅乾,0,0,0,0,0,0,0,0
膳纖擠花餅乾,水果醬擠花餅乾,水蜜桃果醬餅乾,0,0,0,0,0,0,0,0
膳纖擠花餅乾,水果醬擠花餅乾,草莓果醬餅乾,0,0,0,0,0,0,0,0
膳纖擠花餅乾,水果醬擠花餅乾,葡萄果醬餅乾,0,0,0,0,0,0,0,0
膳纖擠花餅乾,水果醬擠花餅乾,桑葚果醬餅乾,0,0,0,0,0,0,0,0
膳纖擠花餅乾,水果醬擠花餅乾,橙蜜果醬餅乾,0,0,0,0,0,0,0,0
膳纖牛舌餅,甜牛舌餅,花生牛舌餅,0,0,0,0,0,0,0,0
膳纖牛舌餅,甜牛舌餅,可可牛舌餅,0,0,0,0,0,0,0,0
膳纖牛舌餅,甜牛舌餅,黑糖牛舌餅,0,0,0,0,0,0,0,0
膳纖牛舌餅,甜牛舌餅,咖啡牛舌餅,0,0,0,0,0,0,0,0
膳纖牛舌餅,甜牛舌餅,竹炭芝麻牛舌餅,0,0,0,0,0,0,0,0
膳纖牛舌餅,甜牛舌餅,偽椰香楓糖牛舌餅,0,0,0,0,0,0,0,0
膳纖牛舌餅,鹹牛舌餅,三星蔥鹹牛舌餅,0,0,0,0,0,0,0,0
膳纖牛舌餅,鹹牛舌餅,鹹乳酪牛舌餅,0,0,0,0,0,0,0,0
其他餅乾,美式餅乾,花生美式餅乾,0,0,0,0,0,0,0,0
其他餅乾,美式餅乾,巧克力花生美式餅乾,0,0,0,0,0,0,0,0
其他餅乾,美式餅乾,可可肉桂美式餅乾,0,0,0,0,0,0,0,0
其他餅乾,美式餅乾,可可棉花糖美式餅乾,0,0,0,0,0,0,0,0
其他餅乾,美式餅乾,可可杏仁美式餅乾,0,0,0,0,0,0,0,0
其他餅乾,美式餅乾,草莓夏威夷豆美式餅乾,0,0,0,0,0,0,0,0
其他餅乾,美式餅乾,蔓越莓美式餅乾,0,0,0,0,0,0,0,0
其他餅乾,美式餅乾,葡萄乾美式餅乾,0,0,0,0,0,0,0,0
其他餅乾,美式餅乾,伯爵美式餅乾,0,0,0,0,0,0,0,0
其他餅乾,瓦片餅乾,可可杏仁瓦片餅乾,0,0,0,0,0,0,0,0
其他餅乾,瓦片餅乾,原味杏仁瓦片餅乾,0,0,0,0,0,0,0,0
其他餅乾,瓦片餅乾,抹茶南瓜子瓦片餅乾,0,0,0,0,0,0,0,0
其他餅乾,瓦片餅乾,原味南瓜子瓦片餅乾,0,0,0,0,0,0,0,0
其他餅乾,麥麩皮餅乾,香蕉麥麩皮餅乾,0,0,0,0,0,0,0,0
其他餅乾,桃酥,桃酥,0,0,0,0,0,0,0,0
膳纖|其他餅乾,焦糖荷蘭餅,原味焦糖荷蘭餅|膳纖,0,0,0,0,0,0,0,0
膳纖|其他餅乾,焦糖荷蘭餅,重肉桂焦糖荷蘭餅|膳纖,0,0,0,0,0,0,0,0
膳纖|其他餅乾,焦糖荷蘭餅,巧克力焦糖荷蘭餅|膳纖,0,0,0,0,0,0,0,0
膳纖|其他餅乾,雪Q餅,原味雪Q餅|膳纖,0,0,0,0,0,0,0,0
膳纖|其他餅乾,雪Q餅,可可雪Q餅|膳纖,0,0,0,0,0,0,0,0
膳纖|其他餅乾,雪Q餅,草莓雪Q餅|膳纖,0,0,0,0,0,0,0,0
膳纖|其他餅乾,雪Q餅,抹茶雪Q餅|膳纖,0,0,0,0,0,0,0,0
膳纖|其他餅乾,雪Q餅,辣花生雪Q餅|膳纖,0,0,0,0,0,0,0,0
膳纖|其他餅乾,雪Q餅,綜合水果雪Q餅|膳纖,0,0,0,0,0,0,0,0
膳纖|其他餅乾,雪Q餅,鳳梨雪Q餅|膳纖,0,0,0,0,0,0,0,0
膳纖|其他餅乾,雪Q餅,芒果雪Q餅|膳纖,0,0,0,0,0,0,0,0
膳纖|其他餅乾,傳統餅乾,芝麻巧果傳統餅乾|膳纖,0,0,0,0,0,0,0,0
膳纖|其他餅乾,傳統餅乾,菜脯餅傳統餅乾|膳纖,0,0,0,0,0,0,0,0
糖果|巧克力,巧克力,手工松露巧克力|法式甜點,0,0,0,0,0,0,0,0
糖果|巧克力,巧克力,巧克力小布朗尼,0,0,0,0,0,0,0,0
糖果|巧克力,巧克力,巧克力大布朗尼,0,0,0,0,0,0,0,0
糖果|巧克力,巧克力,香蕉核桃布朗尼,0,0,0,0,0,0,0,0
糖果|巧克力,巧克力,含餡巧克力詐彈,0,0,0,0,0,0,0,0
糖果|巧克力,巧克力,含餡松露巧克力禮盒|4入組,0,0,0,0,0,0,0,0
糖果|巧克力,巧克力,含餡松露巧克力禮盒|6入組,0,0,0,0,0,0,0,0
糖果|巧克力,無糖蛋白餅,可可罐裝馬林糖|蛋白餅無蔗糖,0,0,0,0,0,0,0,0
糖果|巧克力,無糖蛋白餅,原味罐裝馬林糖|蛋白餅無蔗糖,0,0,0,0,0,0,0,0
糖果|巧克力,無糖蛋白餅,蝦蝦濃罐裝馬林糖|蛋白餅無蔗糖,0,0,0,0,0,0,0,0
糖果|巧克力,無糖蛋白餅,櫻花罐裝馬林糖|蛋白餅無蔗糖,0,0,0,0,0,0,0,0
糖果|巧克力,無糖蛋白餅,草莓罐裝馬林糖|蛋白餅無蔗糖,0,0,0,0,0,0,0,0
糖果|巧克力,無糖蛋白餅,水蜜桃罐裝馬林糖|蛋白餅無蔗糖,0,0,0,0,0,0,0,0
糖果|巧克力,無糖蛋白餅,綠茶罐裝馬林糖|蛋白餅無蔗糖,0,0,0,0,0,0,0,0
糖果|巧克力,無糖蛋白餅,伯爵茶罐裝馬林糖|蛋白餅無蔗糖,0,0,0,0,0,0,0,0
糖果|巧克力,無糖蛋白餅,珍珠奶茶罐裝馬林糖|蛋白餅,0,0,0,0,0,0,0,0
糖果|巧克力,無糖蛋白餅,咖啡罐裝馬林糖|蛋白餅,0,0,0,0,0,0,0,0
糖果|巧克力,無糖蛋白餅,冰淇淋蘇打罐裝馬林糖|蛋白餅無蔗糖,0,0,0,0,0,0,0,0
糖果|巧克力,無糖蛋白餅,咖哩罐裝馬林糖|蛋白餅無蔗糖,0,0,0,0,0,0,0,0
糖果|巧克力,無糖蛋白餅,芥末椒鹽罐裝馬林糖|蛋白餅無蔗糖,0,0,0,0,0,0,0,0
糖果|巧克力,無糖蛋白餅,梅酒罐裝馬林糖|蛋白餅無蔗糖,0,0,0,0,0,0,0,0
糖果|巧克力,無糖蛋白餅,荔枝酒罐裝馬林糖|蛋白餅無蔗糖,0,0,0,0,0,0,0,0
糖果|巧克力,無糖蛋白餅,牛奶糖罐裝馬林糖|蛋白餅無蔗糖,0,0,0,0,0,0,0,0
糖果|巧克力,無糖蛋白餅,雞蛋布丁鐵盒馬林糖|蛋白餅無蔗糖,0,0,0,0,0,0,0,0
糖果|巧克力,無糖蛋白餅,香椰罐裝馬林糖|蛋白餅無蔗糖,0,0,0,0,0,0,0,0
糖果|巧克力,無糖蛋白餅,焦糖瑪奇朵罐裝馬林糖|蛋白餅無蔗糖,0,0,0,0,0,0,0,0
糖果|巧克力,無糖蛋白餅,太妃糖罐裝馬林糖|蛋白餅無蔗糖,0,0,0,0,0,0,0,0
糖果|巧克力,無糖蛋白餅,偽蜂蜜罐裝馬林糖|蛋白餅無蔗糖,0,0,0,0,0,0,0,0
糖果|巧克力,無糖蛋白餅,芋頭罐裝馬林糖|蛋白餅無蔗糖,0,0,0,0,0,0,0,0
糖果|巧克力,無糖蛋白餅,紅豆罐裝馬林糖|蛋白餅無蔗糖,0,0,0,0,0,0,0,0
糖果|巧克力,無糖蛋白餅,地瓜罐裝馬林糖|蛋白餅無蔗糖,0,0,0,0,0,0,0,0
糖果|巧克力,無糖蛋白餅,煉乳棉花罐裝馬林糖|蛋白餅無蔗糖,0,0,0,0,0,0,0,0
糖果|巧克力,無糖蛋白餅,茉莉罐裝馬林糖|蛋白餅無蔗糖,0,0,0,0,0,0,0,0
糖果|巧克力,無糖蛋白餅,烏龍茶罐裝馬林糖|蛋白餅無蔗糖,0,0,0,0,0,0,0,0
糖果|巧克力,無糖蛋白餅,阿薩姆罐裝馬林糖|蛋白餅無蔗糖,0,0,0,0,0,0,0,0
糖果|巧克力,無糖蛋白餅,蘋果罐裝馬林糖|蛋白餅無蔗糖,0,0,0,0,0,0,0,0
糖果|巧克力,無糖蛋白餅,玉米濃湯罐裝馬林糖|蛋白餅無蔗糖,0,0,0,0,0,0,0,0
糖果|巧克力,無糖蛋白餅,真魷味罐裝馬林糖|蛋白餅無蔗糖,0,0,0,0,0,0,0,0
糖果|巧克力,無糖蛋白餅,冬瓜糖罐裝馬林糖|蛋白餅無蔗糖,0,0,0,0,0,0,0,0
糖果|巧克力,無糖蛋白餅,牙膏巧克力罐裝馬林糖|蛋白餅無蔗糖,0,0,0,0,0,0,0,0
糖果|巧克力,無糖蛋白餅,玫瑰烏龍罐裝馬林糖|蛋白餅無蔗糖,0,0,0,0,0,0,0,0
糖果|巧克力,無糖蛋白餅,麝香葡萄罐裝馬林糖|蛋白餅無蔗糖,0,0,0,0,0,0,0,0
糖果|巧克力,無糖蛋白餅,芒果罐裝馬林糖|蛋白餅無蔗糖,0,0,0,0,0,0,0,0
糖果|巧克力,無加糖牛軋糖,原味牛軋糖無蔗糖,0,0,0,0,0,0,0,0
糖果|巧克力,無加糖牛軋糖,粉杏福牛軋糖無蔗糖,0,0,0,0,0,0,0,0
糖果|巧克力,無加糖牛軋糖,尊貴伯爵牛軋糖無蔗糖糖,0,0,0,0,0,0,0,0
糖果|巧克力,無加糖牛軋糖,拿鐵夫人牛軋糖無蔗糖,0,0,0,0,0,0,0,0
糖果|巧克力,無加糖牛軋糖,可可牛軋糖無蔗糖,0,0,0,0,0,0,0,0
糖果|巧克力,無加糖牛軋糖,水果森林牛軋糖無蔗糖,0,0,0,0,0,0,0,0
糖果|巧克力,無加糖牛軋糖,玫瑰奶蓋牛軋糖無蔗糖,0,0,0,0,0,0,0,0
糖果|巧克力,無加糖牛軋糖,草莓牛軋糖無蔗糖,0,0,0,0,0,0,0,0
糖果|巧克力,無加糖牛軋糖,草莓果園牛軋糖無蔗糖,0,0,0,0,0,0,0,0
糖果|巧克力,無加糖牛軋糖,原味無糖牛軋糖10入組無蔗糖,0,0,0,0,0,0,0,0
糖果|巧克力,無加糖牛軋糖,可可無糖牛軋糖10入組無蔗糖,0,0,0,0,0,0,0,0
糖果|巧克力,無加糖牛軋糖,拿鐵夫人牛軋糖10入組無蔗糖,0,0,0,0,0,0,0,0
糖果|巧克力,無加糖牛軋糖,粉杏福牛軋糖10入組無蔗糖,0,0,0,0,0,0,0,0
糖果|巧克力,無加糖牛軋糖,尊貴伯爵牛軋糖10入組無蔗糖,0,0,0,0,0,0,0,0
糖果|巧克力,無加糖牛軋糖,水果森林牛軋糖10入組無蔗糖,0,0,0,0,0,0,0,0
糖果|巧克力,無加糖牛軋糖,玫瑰奶蓋牛軋糖10入組無蔗糖,0,0,0,0,0,0,0,0
糖果|巧克力,無加糖牛軋糖,草莓果園牛軋糖10入組無蔗糖,0,0,0,0,0,0,0,0
糖果|巧克力,無加糖牛軋糖,草莓膳纖牛軋糖10入組無蔗糖,0,0,0,0,0,0,0,0
糖果|巧克力,法式軟糖,新鮮甜橙水果法式軟糖|膳纖|無蔗糖,0,0,0,0,0,0,0,0
糖果|巧克力,法式軟糖,新鮮鳳梨水果法式軟糖|膳纖|無蔗糖,0,0,0,0,0,0,0,0
糖果|巧克力,法式軟糖,新鮮草莓水果法式軟糖|膳纖|無蔗糖,0,0,0,0,0,0,0,0
糖果|巧克力,法式軟糖,新鮮芒果水果法式軟糖|膳纖|無蔗糖,0,0,0,0,0,0,0,0
糖果|巧克力,法式軟糖,新鮮百香果水果法式軟糖|膳纖|無蔗糖,0,0,0,0,0,0,0,0
糖果|巧克力,法式軟糖,新鮮杏桃水果法式軟糖|膳纖|無蔗糖,0,0,0,0,0,0,0,0
糖果|巧克力,法式軟糖,新鮮葡萄水果法式軟糖|膳纖|無蔗糖,0,0,0,0,0,0,0,0
糖果|巧克力,法式軟糖,新鮮奇異果水果法式軟糖|膳纖|無蔗糖,0,0,0,0,0,0,0,0
糖果|巧克力,法式軟糖,新鮮桑葚水果法式軟糖|膳纖|無蔗糖,0,0,0,0,0,0,0,0
糖果|巧克力,法式軟糖,新鮮藍莓水果法式軟糖|膳纖|無蔗糖,0,0,0,0,0,0,0,0
糖果|巧克力,法式軟糖,野莓黑嘉麗水果法式軟糖|膳纖|無蔗糖,0,0,0,0,0,0,0,0
糖果|巧克力,法式軟糖,新鮮水蜜桃水果法式軟糖|膳纖|無蔗糖,0,0,0,0,0,0,0,0
糖果|巧克力,貢糖,花生貢糖|無蔗糖,0,0,0,0,0,0,0,0
糖果|巧克力,貢糖,巧克力貢糖|無蔗糖,0,0,0,0,0,0,0,0
糖果|巧克力,貢糖,伯爵貢糖|無蔗糖,0,0,0,0,0,0,0,0
糖果|巧克力,貢糖,咖啡貢糖|無蔗糖,0,0,0,0,0,0,0,0
糖果|巧克力,貢糖,香椰貢糖|無蔗糖,0,0,0,0,0,0,0,0
糖果|巧克力,貢糖,葡萄乾貢糖|無蔗糖,0,0,0,0,0,0,0,0
糖果|巧克力,貢糖,香草貢糖|無蔗糖,0,0,0,0,0,0,0,0
糖果|巧克力,貢糖,阿薩姆奶茶貢糖|無蔗糖,0,0,0,0,0,0,0,0
糖果|巧克力,貢糖,焦糖瑪琪朵貢糖|無蔗糖,0,0,0,0,0,0,0,0
糖果|巧克力,貢糖,提拉米蘇貢糖|無蔗糖,0,0,0,0,0,0,0,0
糖果|巧克力,貢糖,太妃糖貢糖|無蔗糖,0,0,0,0,0,0,0,0
糖果|巧克力,貢糖,烏龍茶貢糖|無蔗糖,0,0,0,0,0,0,0,0
糖果|巧克力,貢糖,雞蛋布丁貢糖|無蔗糖,0,0,0,0,0,0,0,0
糖果|巧克力,貢糖,芝麻貢糖|無蔗糖,0,0,0,0,0,0,0,0
糖果|巧克力,法式棉花糖,原味法式手工棉花糖|無蔗糖,0,0,0,0,0,0,0,0
糖果|巧克力,法式棉花糖,桑葚法式手工棉花糖|無蔗糖,0,0,0,0,0,0,0,0
糖果|巧克力,法式棉花糖,芒果法式手工棉花糖|無蔗糖,0,0,0,0,0,0,0,0
糖果|巧克力,法式棉花糖,水蜜桃法式手工棉花糖|無蔗糖,0,0,0,0,0,0,0,0
糖果|巧克力,法式棉花糖,梅子法式手工棉花糖|無蔗糖,0,0,0,0,0,0,0,0
糖果|巧克力,法式棉花糖,麝香葡萄法式手工棉花糖|無蔗糖,0,0,0,0,0,0,0,0
糖果|巧克力,其他糖果,手工梅子棒棒糖|無蔗糖,0,0,0,0,0,0,0,0
糖果|巧克力,其他糖果,手工薑母麥芽糖|無蔗糖,0,0,0,0,0,0,0,0
糖果|巧克力,其他糖果,手工南棗核桃糕|無蔗糖,0,0,0,0,0,0,0,0
糖果|巧克力,其他糖果,手工無糖水蜜桃鑽石糖|無蔗糖,0,0,0,0,0,0,0,0
肉乾|鱈魚香絲,牛肉乾|豬肉乾|雞肉乾,蜜汁豬肉乾,0,0,0,0,0,0,0,0
肉乾|鱈魚香絲,牛肉乾|豬肉乾|雞肉乾,椒麻豬肉乾,0,0,0,0,0,0,0,0
肉乾|鱈魚香絲,牛肉乾|豬肉乾|雞肉乾,麻辣豬肉乾,0,0,0,0,0,0,0,0
肉乾|鱈魚香絲,牛肉乾|豬肉乾|雞肉乾,黑胡椒豬肉乾,0,0,0,0,0,0,0,0
肉乾|鱈魚香絲,牛肉乾|豬肉乾|雞肉乾,蜜汁雞肉乾,0,0,0,0,0,0,0,0
肉乾|鱈魚香絲,牛肉乾|豬肉乾|雞肉乾,椒麻雞肉乾,0,0,0,0,0,0,0,0
肉乾|鱈魚香絲,牛肉乾|豬肉乾|雞肉乾,麻辣雞肉乾,0,0,0,0,0,0,0,0
肉乾|鱈魚香絲,牛肉乾|豬肉乾|雞肉乾,黑胡椒雞肉乾,0,0,0,0,0,0,0,0
肉乾|鱈魚香絲,牛肉乾|豬肉乾|雞肉乾,蜜汁牛肉乾,0,0,0,0,0,0,0,0
肉乾|鱈魚香絲,牛肉乾|豬肉乾|雞肉乾,椒麻牛肉乾,0,0,0,0,0,0,0,0
肉乾|鱈魚香絲,牛肉乾|豬肉乾|雞肉乾,麻辣牛肉乾,0,0,0,0,0,0,0,0
肉乾|鱈魚香絲,牛肉乾|豬肉乾|雞肉乾,黑胡椒牛肉乾,0,0,0,0,0,0,0,0
肉乾|鱈魚香絲,花椰菜米鱈魚香絲,花椰菜米手工鱈魚香絲,0,0,0,0,0,0,0,0
甜醬,偽糖漿,異麥芽寡糖梅露,0,0,0,0,0,0,0,0
甜醬,偽糖漿,梅精,0,0,0,0,0,0,0,0
甜醬,偽糖漿,櫻花醬,0,0,0,0,0,0,0,0
甜醬,偽糖漿,楓糖漿,0,0,0,0,0,0,0,0
甜醬,偽糖漿,偽黑糖漿,0,0,0,0,0,0,0,0
甜醬,偽糖漿,糖霜,0,0,0,0,0,0,0,0
甜醬,水果醬,天然手工草莓無糖果醬,0,0,0,0,0,0,0,0
甜醬,水果醬,天然手工葡萄無糖果醬,0,0,0,0,0,0,0,0
甜醬,水果醬,天然手工無糖桑葚果醬,0,0,0,0,0,0,0,0
甜醬,水果醬,天然手工無糖鳳梨果醬,0,0,0,0,0,0,0,0
甜醬,水果醬,天然手工無糖洛神花醬,0,0,0,0,0,0,0,0
甜醬,水果醬,天然手工無糖水蜜桃果醬,0,0,0,0,0,0,0,0
甜醬,水果醬,檸檬起士抹醬,0,0,0,0,0,0,0,0
甜醬,水果醬,柳橙起士抹醬,0,0,0,0,0,0,0,0
甜醬,甜抹醬,花生醬,0,0,0,0,0,0,0,0
甜醬,甜抹醬,巧克力醬,0,0,0,0,0,0,0,0
甜醬,甜抹醬,榛果巧克力醬,0,0,0,0,0,0,0,0
甜醬,甜抹醬,摩卡咖啡醬,0,0,0,0,0,0,0,0
甜醬,甜抹醬,無糖煉乳,0,0,0,0,0,0,0,0
鹹醬,調味鹹醬,原味伴友滷醬,0,0,0,0,0,0,0,0
鹹醬,調味鹹醬,胭脂梅伴友滷醬,0,0,0,0,0,0,0,0
鹹醬,調味鹹醬,甜辣醬,0,0,0,0,0,0,0,0
鹹醬,調味鹹醬,越南春捲醬,0,0,0,0,0,0,0,0
鹹醬,調味鹹醬,番茄醬,0,0,0,0,0,0,0,0
鹹醬,調味鹹醬,千島醬,0,0,0,0,0,0,0,0
鹹醬,調味鹹醬,泰式甜辣醬,0,0,0,0,0,0,0,0
鹹醬,調味鹹醬,日式串燒醬,0,0,0,0,0,0,0,0
鹹醬,調味鹹醬,螃蟹沾醬,0,0,0,0,0,0,0,0
鹹醬,調味鹹醬,韓式不辣泡菜醬,0,0,0,0,0,0,0,0
鹹醬,調味鹹醬,韓式中辣泡菜醬,0,0,0,0,0,0,0,0
鹹醬,調味鹹醬,日式照燒醬,0,0,0,0,0,0,0,0
鹹醬,調味鹹醬,素沙茶醬,0,0,0,0,0,0,0,0
鹹醬,調味鹹醬,義大利醬,0,0,0,0,0,0,0,0
鹹醬,調味鹹醬,芝麻伴麵醬,0,0,0,0,0,0,0,0
鹹醬,調味鹹醬,甜麵醬,0,0,0,0,0,0,0,0
鹹醬,調味鹹醬,五味醬,0,0,0,0,0,0,0,0
鹹醬,調味鹹醬,海山醬,0,0,0,0,0,0,0,0
鹹醬,調味鹹醬,鳳梨莎莎醬,0,0,0,0,0,0,0,0
鹹醬,調味鹹醬,香蒜草飼奶油,0,0,0,0,0,0,0,0
鹹醬,調味鹹醬,鹹起士醬,0,0,0,0,0,0,0,0
鹹醬,調味鹹醬,蒜味優格醬,0,0,0,0,0,0,0,0
鹹醬,調味鹹醬,胡麻涼麵醬,0,0,0,0,0,0,0,0
醋,醋,梅精,0,0,0,0,0,0,0,0
醋,醋,陳年梅醋,0,0,0,0,0,0,0,0
醋,醋,異麥芽寡糖梅醋飲濃縮液,0,0,0,0,0,0,0,0
調味粉|肉鬆,調味粉|肉鬆,熟黑豆粉,0,0,0,0,0,0,0,0
調味粉|肉鬆,調味粉|肉鬆,赤藻糖醇花生粉,0,0,0,0,0,0,0,0
調味粉|肉鬆,調味粉|肉鬆,赤藻糖醇肉鬆,0,0,0,0,0,0,0,0
調味粉|肉鬆,調味粉|肉鬆,赤藻糖醇海苔肉鬆,0,0,0,0,0,0,0,0
調味粉|肉鬆,調味粉|肉鬆,赤藻糖醇芝麻肉鬆,0,0,0,0,0,0,0,0
湯品,湯品,酸辣湯,0,0,0,0,0,0,0,0
湯品,湯品,大塊牛肉湯,0,0,0,0,0,0,0,0
湯品,湯品,薑母鴨,0,0,0,0,0,0,0,0
湯品,湯品,麻油土雞腿湯,0,0,0,0,0,0,0,0
湯品,湯品,肉羹濃縮包,0,0,0,0,0,0,0,0
湯品,湯品,模瘦湯,0,0,0,0,0,0,0,0
湯品,湯品,麻瘦湯,0,0,0,0,0,0,0,0
168飲料代餐包,隨身包,草莓菌多多冷飲代餐包,0,0,0,0,0,0,0,0
168飲料代餐包,隨身包,MCT防彈抹茶珍奶代餐包,0,0,0,0,0,0,0,0
168飲料代餐包,隨身包,MCT防彈泰后珍奶代餐包,0,0,0,0,0,0,0,0
168飲料代餐包,隨身包,莓果康普茶代餐包,0,0,0,0,0,0,0,0
168飲料代餐包,隨身包,葡萄柚康茶代餐包,0,0,0,0,0,0,0,0
168飲料代餐包,隨身包,洛神花冰飲代餐包,0,0,0,0,0,0,0,0
168飲料代餐包,隨身包,MCT防彈咖啡隨身包,0,0,0,0,0,0,0,0
168飲料代餐包,隨身包,MCT防彈可可隨身包,0,0,0,0,0,0,0,0
168飲料代餐包,隨身包,青梅露飲代餐包,0,0,0,0,0,0,0,0
激動姐代餐包,激動姐代餐包,葡萄柚康普茶激動姐代餐組,0,0,0,0,0,0,0,0
激動姐代餐包,激動姐代餐包,莓果普茶激動姐代餐組,0,0,0,0,0,0,0,0
激動姐代餐包,激動姐代餐包,防彈抹茶激動姐代餐組,0,0,0,0,0,0,0,0
激動姐代餐包,激動姐代餐包,防彈泰后奶茶激動姐代餐組,0,0,0,0,0,0,0,0
激動姐代餐包,激動姐代餐包,防彈可可激動姐代餐組,0,0,0,0,0,0,0,0
激動姐代餐包,激動姐代餐包,防彈咖啡激動姐代餐組,0,0,0,0,0,0,0,0
激動姐代餐包,激動姐代餐包,防彈可可量販包,0,0,0,0,0,0,0,0
激動姐代餐包,激動姐代餐包,防彈咖啡量販包,0,0,0,0,0,0,0,0
激動姐代餐包,激動姐代餐包,防彈珍珠抹奶量販包,0,0,0,0,0,0,0,0
激動姐代餐包,激動姐代餐包,防彈泰后珍奶量販包,0,0,0,0,0,0,0,0
激動姐代餐包,激動姐代餐包,莓果康普茶量販包,0,0,0,0,0,0,0,0
激動姐代餐包,激動姐代餐包,葡萄柚康普茶量販包,0,0,0,0,0,0,0,0
DIY材料包,蛋糕鬆餅材料包,橙蜜蛋糕鬆餅材料包,0,0,0,0,0,0,0,0
DIY材料包,蛋糕鬆餅材料包,咖啡蛋糕鬆餅材料包,0,0,0,0,0,0,0,0
DIY材料包,蛋糕鬆餅材料包,起士蛋糕鬆餅材料包,0,0,0,0,0,0,0,0
DIY材料包,蛋糕鬆餅材料包,抹茶蛋糕鬆餅材料包,0,0,0,0,0,0,0,0
DIY材料包,蛋糕鬆餅材料包,巧克力蛋糕鬆餅材料包,0,0,0,0,0,0,0,0
防彈油品MCT,MCT三酸甘油脂,MCT三酸甘油脂,0,0,0,0,0,0,0,0
防彈油品MCT,C8中鏈三酸甘油脂,C8中鏈三酸甘油脂,0,0,0,0,0,0,0,0
